Aver_delta,R
2.4,10
2.326530612,10
2.253061224,10
2.179591837,10
2.106122449,10
2.032653061,10
1.959183673,10
1.885714286,10
1.812244898,10
1.73877551,10
1.665306122,10
1.591836735,10
1.518367347,10
1.444897959,10
1.371428571,10
1.297959184,10
1.224489796,10
1.151020408,10
1.07755102,10
1.004081633,10
0.930612245,10
0.857142857,10
0.783673469,10
0.710204082,10
0.636734694,10
0.563265306,10
0.489795918,10
0.416326531,10
0.342857143,10
0.269387755,10
0.195918367,10
0.12244898,10
0.048979592,10
-0.024489796,10
-0.097959184,10
-0.171428571,10
-0.244897959,10
-0.318367347,10
-0.391836735,10
-0.465306122,10
-0.53877551,10
-0.612244898,10
-0.685714286,10
-0.759183673,10
-0.832653061,10
-0.906122449,10
-0.979591837,10
-1.053061224,10
-1.126530612,10
-1.2,10
2.4,52.65306122
2.326530612,52.65306122
2.253061224,52.65306122
2.179591837,52.65306122
2.106122449,52.65306122
2.032653061,52.65306122
1.959183673,52.65306122
1.885714286,52.65306122
1.812244898,52.65306122
1.73877551,52.65306122
1.665306122,52.65306122
1.591836735,52.65306122
1.518367347,52.65306122
1.444897959,52.65306122
1.371428571,52.65306122
1.297959184,52.65306122
1.224489796,52.65306122
1.151020408,52.65306122
1.07755102,52.65306122
1.004081633,52.65306122
0.930612245,52.65306122
0.857142857,52.65306122
0.783673469,52.65306122
0.710204082,52.65306122
0.636734694,52.65306122
0.563265306,52.65306122
0.489795918,52.65306122
0.416326531,52.65306122
0.342857143,52.65306122
0.269387755,52.65306122
0.195918367,52.65306122
0.12244898,52.65306122
0.048979592,52.65306122
-0.024489796,52.65306122
-0.097959184,52.65306122
-0.171428571,52.65306122
-0.244897959,52.65306122
-0.318367347,52.65306122
-0.391836735,52.65306122
-0.465306122,52.65306122
-0.53877551,52.65306122
-0.612244898,52.65306122
-0.685714286,52.65306122
-0.759183673,52.65306122
-0.832653061,52.65306122
-0.906122449,52.65306122
-0.979591837,52.65306122
-1.053061224,52.65306122
-1.126530612,52.65306122
-1.2,52.65306122
2.4,95.30612245
2.326530612,95.30612245
2.253061224,95.30612245
2.179591837,95.30612245
2.106122449,95.30612245
2.032653061,95.30612245
1.959183673,95.30612245
1.885714286,95.30612245
1.812244898,95.30612245
1.73877551,95.30612245
1.665306122,95.30612245
1.591836735,95.30612245
1.518367347,95.30612245
1.444897959,95.30612245
1.371428571,95.30612245
1.297959184,95.30612245
1.224489796,95.30612245
1.151020408,95.30612245
1.07755102,95.30612245
1.004081633,95.30612245
0.930612245,95.30612245
0.857142857,95.30612245
0.783673469,95.30612245
0.710204082,95.30612245
0.636734694,95.30612245
0.563265306,95.30612245
0.489795918,95.30612245
0.416326531,95.30612245
0.342857143,95.30612245
0.269387755,95.30612245
0.195918367,95.30612245
0.12244898,95.30612245
0.048979592,95.30612245
-0.024489796,95.30612245
-0.097959184,95.30612245
-0.171428571,95.30612245
-0.244897959,95.30612245
-0.318367347,95.30612245
-0.391836735,95.30612245
-0.465306122,95.30612245
-0.53877551,95.30612245
-0.612244898,95.30612245
-0.685714286,95.30612245
-0.759183673,95.30612245
-0.832653061,95.30612245
-0.906122449,95.30612245
-0.979591837,95.30612245
-1.053061224,95.30612245
-1.126530612,95.30612245
-1.2,95.30612245
2.4,137.9591837
2.326530612,137.9591837
2.253061224,137.9591837
2.179591837,137.9591837
2.106122449,137.9591837
2.032653061,137.9591837
1.959183673,137.9591837
1.885714286,137.9591837
1.812244898,137.9591837
1.73877551,137.9591837
1.665306122,137.9591837
1.591836735,137.9591837
1.518367347,137.9591837
1.444897959,137.9591837
1.371428571,137.9591837
1.297959184,137.9591837
1.224489796,137.9591837
1.151020408,137.9591837
1.07755102,137.9591837
1.004081633,137.9591837
0.930612245,137.9591837
0.857142857,137.9591837
0.783673469,137.9591837
0.710204082,137.9591837
0.636734694,137.9591837
0.563265306,137.9591837
0.489795918,137.9591837
0.416326531,137.9591837
0.342857143,137.9591837
0.269387755,137.9591837
0.195918367,137.9591837
0.12244898,137.9591837
0.048979592,137.9591837
-0.024489796,137.9591837
-0.097959184,137.9591837
-0.171428571,137.9591837
-0.244897959,137.9591837
-0.318367347,137.9591837
-0.391836735,137.9591837
-0.465306122,137.9591837
-0.53877551,137.9591837
-0.612244898,137.9591837
-0.685714286,137.9591837
-0.759183673,137.9591837
-0.832653061,137.9591837
-0.906122449,137.9591837
-0.979591837,137.9591837
-1.053061224,137.9591837
-1.126530612,137.9591837
-1.2,137.9591837
2.4,180.6122449
2.326530612,180.6122449
2.253061224,180.6122449
2.179591837,180.6122449
2.106122449,180.6122449
2.032653061,180.6122449
1.959183673,180.6122449
1.885714286,180.6122449
1.812244898,180.6122449
1.73877551,180.6122449
1.665306122,180.6122449
1.591836735,180.6122449
1.518367347,180.6122449
1.444897959,180.6122449
1.371428571,180.6122449
1.297959184,180.6122449
1.224489796,180.6122449
1.151020408,180.6122449
1.07755102,180.6122449
1.004081633,180.6122449
0.930612245,180.6122449
0.857142857,180.6122449
0.783673469,180.6122449
0.710204082,180.6122449
0.636734694,180.6122449
0.563265306,180.6122449
0.489795918,180.6122449
0.416326531,180.6122449
0.342857143,180.6122449
0.269387755,180.6122449
0.195918367,180.6122449
0.12244898,180.6122449
0.048979592,180.6122449
-0.024489796,180.6122449
-0.097959184,180.6122449
-0.171428571,180.6122449
-0.244897959,180.6122449
-0.318367347,180.6122449
-0.391836735,180.6122449
-0.465306122,180.6122449
-0.53877551,180.6122449
-0.612244898,180.6122449
-0.685714286,180.6122449
-0.759183673,180.6122449
-0.832653061,180.6122449
-0.906122449,180.6122449
-0.979591837,180.6122449
-1.053061224,180.6122449
-1.126530612,180.6122449
-1.2,180.6122449
2.4,223.2653061
2.326530612,223.2653061
2.253061224,223.2653061
2.179591837,223.2653061
2.106122449,223.2653061
2.032653061,223.2653061
1.959183673,223.2653061
1.885714286,223.2653061
1.812244898,223.2653061
1.73877551,223.2653061
1.665306122,223.2653061
1.591836735,223.2653061
1.518367347,223.2653061
1.444897959,223.2653061
1.371428571,223.2653061
1.297959184,223.2653061
1.224489796,223.2653061
1.151020408,223.2653061
1.07755102,223.2653061
1.004081633,223.2653061
0.930612245,223.2653061
0.857142857,223.2653061
0.783673469,223.2653061
0.710204082,223.2653061
0.636734694,223.2653061
0.563265306,223.2653061
0.489795918,223.2653061
0.416326531,223.2653061
0.342857143,223.2653061
0.269387755,223.2653061
0.195918367,223.2653061
0.12244898,223.2653061
0.048979592,223.2653061
-0.024489796,223.2653061
-0.097959184,223.2653061
-0.171428571,223.2653061
-0.244897959,223.2653061
-0.318367347,223.2653061
-0.391836735,223.2653061
-0.465306122,223.2653061
-0.53877551,223.2653061
-0.612244898,223.2653061
-0.685714286,223.2653061
-0.759183673,223.2653061
-0.832653061,223.2653061
-0.906122449,223.2653061
-0.979591837,223.2653061
-1.053061224,223.2653061
-1.126530612,223.2653061
-1.2,223.2653061
2.4,265.9183673
2.326530612,265.9183673
2.253061224,265.9183673
2.179591837,265.9183673
2.106122449,265.9183673
2.032653061,265.9183673
1.959183673,265.9183673
1.885714286,265.9183673
1.812244898,265.9183673
1.73877551,265.9183673
1.665306122,265.9183673
1.591836735,265.9183673
1.518367347,265.9183673
1.444897959,265.9183673
1.371428571,265.9183673
1.297959184,265.9183673
1.224489796,265.9183673
1.151020408,265.9183673
1.07755102,265.9183673
1.004081633,265.9183673
0.930612245,265.9183673
0.857142857,265.9183673
0.783673469,265.9183673
0.710204082,265.9183673
0.636734694,265.9183673
0.563265306,265.9183673
0.489795918,265.9183673
0.416326531,265.9183673
0.342857143,265.9183673
0.269387755,265.9183673
0.195918367,265.9183673
0.12244898,265.9183673
0.048979592,265.9183673
-0.024489796,265.9183673
-0.097959184,265.9183673
-0.171428571,265.9183673
-0.244897959,265.9183673
-0.318367347,265.9183673
-0.391836735,265.9183673
-0.465306122,265.9183673
-0.53877551,265.9183673
-0.612244898,265.9183673
-0.685714286,265.9183673
-0.759183673,265.9183673
-0.832653061,265.9183673
-0.906122449,265.9183673
-0.979591837,265.9183673
-1.053061224,265.9183673
-1.126530612,265.9183673
-1.2,265.9183673
2.4,308.5714286
2.326530612,308.5714286
2.253061224,308.5714286
2.179591837,308.5714286
2.106122449,308.5714286
2.032653061,308.5714286
1.959183673,308.5714286
1.885714286,308.5714286
1.812244898,308.5714286
1.73877551,308.5714286
1.665306122,308.5714286
1.591836735,308.5714286
1.518367347,308.5714286
1.444897959,308.5714286
1.371428571,308.5714286
1.297959184,308.5714286
1.224489796,308.5714286
1.151020408,308.5714286
1.07755102,308.5714286
1.004081633,308.5714286
0.930612245,308.5714286
0.857142857,308.5714286
0.783673469,308.5714286
0.710204082,308.5714286
0.636734694,308.5714286
0.563265306,308.5714286
0.489795918,308.5714286
0.416326531,308.5714286
0.342857143,308.5714286
0.269387755,308.5714286
0.195918367,308.5714286
0.12244898,308.5714286
0.048979592,308.5714286
-0.024489796,308.5714286
-0.097959184,308.5714286
-0.171428571,308.5714286
-0.244897959,308.5714286
-0.318367347,308.5714286
-0.391836735,308.5714286
-0.465306122,308.5714286
-0.53877551,308.5714286
-0.612244898,308.5714286
-0.685714286,308.5714286
-0.759183673,308.5714286
-0.832653061,308.5714286
-0.906122449,308.5714286
-0.979591837,308.5714286
-1.053061224,308.5714286
-1.126530612,308.5714286
-1.2,308.5714286
2.4,351.2244898
2.326530612,351.2244898
2.253061224,351.2244898
2.179591837,351.2244898
2.106122449,351.2244898
2.032653061,351.2244898
1.959183673,351.2244898
1.885714286,351.2244898
1.812244898,351.2244898
1.73877551,351.2244898
1.665306122,351.2244898
1.591836735,351.2244898
1.518367347,351.2244898
1.444897959,351.2244898
1.371428571,351.2244898
1.297959184,351.2244898
1.224489796,351.2244898
1.151020408,351.2244898
1.07755102,351.2244898
1.004081633,351.2244898
0.930612245,351.2244898
0.857142857,351.2244898
0.783673469,351.2244898
0.710204082,351.2244898
0.636734694,351.2244898
0.563265306,351.2244898
0.489795918,351.2244898
0.416326531,351.2244898
0.342857143,351.2244898
0.269387755,351.2244898
0.195918367,351.2244898
0.12244898,351.2244898
0.048979592,351.2244898
-0.024489796,351.2244898
-0.097959184,351.2244898
-0.171428571,351.2244898
-0.244897959,351.2244898
-0.318367347,351.2244898
-0.391836735,351.2244898
-0.465306122,351.2244898
-0.53877551,351.2244898
-0.612244898,351.2244898
-0.685714286,351.2244898
-0.759183673,351.2244898
-0.832653061,351.2244898
-0.906122449,351.2244898
-0.979591837,351.2244898
-1.053061224,351.2244898
-1.126530612,351.2244898
-1.2,351.2244898
2.4,393.877551
2.326530612,393.877551
2.253061224,393.877551
2.179591837,393.877551
2.106122449,393.877551
2.032653061,393.877551
1.959183673,393.877551
1.885714286,393.877551
1.812244898,393.877551
1.73877551,393.877551
1.665306122,393.877551
1.591836735,393.877551
1.518367347,393.877551
1.444897959,393.877551
1.371428571,393.877551
1.297959184,393.877551
1.224489796,393.877551
1.151020408,393.877551
1.07755102,393.877551
1.004081633,393.877551
0.930612245,393.877551
0.857142857,393.877551
0.783673469,393.877551
0.710204082,393.877551
0.636734694,393.877551
0.563265306,393.877551
0.489795918,393.877551
0.416326531,393.877551
0.342857143,393.877551
0.269387755,393.877551
0.195918367,393.877551
0.12244898,393.877551
0.048979592,393.877551
-0.024489796,393.877551
-0.097959184,393.877551
-0.171428571,393.877551
-0.244897959,393.877551
-0.318367347,393.877551
-0.391836735,393.877551
-0.465306122,393.877551
-0.53877551,393.877551
-0.612244898,393.877551
-0.685714286,393.877551
-0.759183673,393.877551
-0.832653061,393.877551
-0.906122449,393.877551
-0.979591837,393.877551
-1.053061224,393.877551
-1.126530612,393.877551
-1.2,393.877551
2.4,436.5306122
2.326530612,436.5306122
2.253061224,436.5306122
2.179591837,436.5306122
2.106122449,436.5306122
2.032653061,436.5306122
1.959183673,436.5306122
1.885714286,436.5306122
1.812244898,436.5306122
1.73877551,436.5306122
1.665306122,436.5306122
1.591836735,436.5306122
1.518367347,436.5306122
1.444897959,436.5306122
1.371428571,436.5306122
1.297959184,436.5306122
1.224489796,436.5306122
1.151020408,436.5306122
1.07755102,436.5306122
1.004081633,436.5306122
0.930612245,436.5306122
0.857142857,436.5306122
0.783673469,436.5306122
0.710204082,436.5306122
0.636734694,436.5306122
0.563265306,436.5306122
0.489795918,436.5306122
0.416326531,436.5306122
0.342857143,436.5306122
0.269387755,436.5306122
0.195918367,436.5306122
0.12244898,436.5306122
0.048979592,436.5306122
-0.024489796,436.5306122
-0.097959184,436.5306122
-0.171428571,436.5306122
-0.244897959,436.5306122
-0.318367347,436.5306122
-0.391836735,436.5306122
-0.465306122,436.5306122
-0.53877551,436.5306122
-0.612244898,436.5306122
-0.685714286,436.5306122
-0.759183673,436.5306122
-0.832653061,436.5306122
-0.906122449,436.5306122
-0.979591837,436.5306122
-1.053061224,436.5306122
-1.126530612,436.5306122
-1.2,436.5306122
2.4,479.1836735
2.326530612,479.1836735
2.253061224,479.1836735
2.179591837,479.1836735
2.106122449,479.1836735
2.032653061,479.1836735
1.959183673,479.1836735
1.885714286,479.1836735
1.812244898,479.1836735
1.73877551,479.1836735
1.665306122,479.1836735
1.591836735,479.1836735
1.518367347,479.1836735
1.444897959,479.1836735
1.371428571,479.1836735
1.297959184,479.1836735
1.224489796,479.1836735
1.151020408,479.1836735
1.07755102,479.1836735
1.004081633,479.1836735
0.930612245,479.1836735
0.857142857,479.1836735
0.783673469,479.1836735
0.710204082,479.1836735
0.636734694,479.1836735
0.563265306,479.1836735
0.489795918,479.1836735
0.416326531,479.1836735
0.342857143,479.1836735
0.269387755,479.1836735
0.195918367,479.1836735
0.12244898,479.1836735
0.048979592,479.1836735
-0.024489796,479.1836735
-0.097959184,479.1836735
-0.171428571,479.1836735
-0.244897959,479.1836735
-0.318367347,479.1836735
-0.391836735,479.1836735
-0.465306122,479.1836735
-0.53877551,479.1836735
-0.612244898,479.1836735
-0.685714286,479.1836735
-0.759183673,479.1836735
-0.832653061,479.1836735
-0.906122449,479.1836735
-0.979591837,479.1836735
-1.053061224,479.1836735
-1.126530612,479.1836735
-1.2,479.1836735
2.4,521.8367347
2.326530612,521.8367347
2.253061224,521.8367347
2.179591837,521.8367347
2.106122449,521.8367347
2.032653061,521.8367347
1.959183673,521.8367347
1.885714286,521.8367347
1.812244898,521.8367347
1.73877551,521.8367347
1.665306122,521.8367347
1.591836735,521.8367347
1.518367347,521.8367347
1.444897959,521.8367347
1.371428571,521.8367347
1.297959184,521.8367347
1.224489796,521.8367347
1.151020408,521.8367347
1.07755102,521.8367347
1.004081633,521.8367347
0.930612245,521.8367347
0.857142857,521.8367347
0.783673469,521.8367347
0.710204082,521.8367347
0.636734694,521.8367347
0.563265306,521.8367347
0.489795918,521.8367347
0.416326531,521.8367347
0.342857143,521.8367347
0.269387755,521.8367347
0.195918367,521.8367347
0.12244898,521.8367347
0.048979592,521.8367347
-0.024489796,521.8367347
-0.097959184,521.8367347
-0.171428571,521.8367347
-0.244897959,521.8367347
-0.318367347,521.8367347
-0.391836735,521.8367347
-0.465306122,521.8367347
-0.53877551,521.8367347
-0.612244898,521.8367347
-0.685714286,521.8367347
-0.759183673,521.8367347
-0.832653061,521.8367347
-0.906122449,521.8367347
-0.979591837,521.8367347
-1.053061224,521.8367347
-1.126530612,521.8367347
-1.2,521.8367347
2.4,564.4897959
2.326530612,564.4897959
2.253061224,564.4897959
2.179591837,564.4897959
2.106122449,564.4897959
2.032653061,564.4897959
1.959183673,564.4897959
1.885714286,564.4897959
1.812244898,564.4897959
1.73877551,564.4897959
1.665306122,564.4897959
1.591836735,564.4897959
1.518367347,564.4897959
1.444897959,564.4897959
1.371428571,564.4897959
1.297959184,564.4897959
1.224489796,564.4897959
1.151020408,564.4897959
1.07755102,564.4897959
1.004081633,564.4897959
0.930612245,564.4897959
0.857142857,564.4897959
0.783673469,564.4897959
0.710204082,564.4897959
0.636734694,564.4897959
0.563265306,564.4897959
0.489795918,564.4897959
0.416326531,564.4897959
0.342857143,564.4897959
0.269387755,564.4897959
0.195918367,564.4897959
0.12244898,564.4897959
0.048979592,564.4897959
-0.024489796,564.4897959
-0.097959184,564.4897959
-0.171428571,564.4897959
-0.244897959,564.4897959
-0.318367347,564.4897959
-0.391836735,564.4897959
-0.465306122,564.4897959
-0.53877551,564.4897959
-0.612244898,564.4897959
-0.685714286,564.4897959
-0.759183673,564.4897959
-0.832653061,564.4897959
-0.906122449,564.4897959
-0.979591837,564.4897959
-1.053061224,564.4897959
-1.126530612,564.4897959
-1.2,564.4897959
2.4,607.1428571
2.326530612,607.1428571
2.253061224,607.1428571
2.179591837,607.1428571
2.106122449,607.1428571
2.032653061,607.1428571
1.959183673,607.1428571
1.885714286,607.1428571
1.812244898,607.1428571
1.73877551,607.1428571
1.665306122,607.1428571
1.591836735,607.1428571
1.518367347,607.1428571
1.444897959,607.1428571
1.371428571,607.1428571
1.297959184,607.1428571
1.224489796,607.1428571
1.151020408,607.1428571
1.07755102,607.1428571
1.004081633,607.1428571
0.930612245,607.1428571
0.857142857,607.1428571
0.783673469,607.1428571
0.710204082,607.1428571
0.636734694,607.1428571
0.563265306,607.1428571
0.489795918,607.1428571
0.416326531,607.1428571
0.342857143,607.1428571
0.269387755,607.1428571
0.195918367,607.1428571
0.12244898,607.1428571
0.048979592,607.1428571
-0.024489796,607.1428571
-0.097959184,607.1428571
-0.171428571,607.1428571
-0.244897959,607.1428571
-0.318367347,607.1428571
-0.391836735,607.1428571
-0.465306122,607.1428571
-0.53877551,607.1428571
-0.612244898,607.1428571
-0.685714286,607.1428571
-0.759183673,607.1428571
-0.832653061,607.1428571
-0.906122449,607.1428571
-0.979591837,607.1428571
-1.053061224,607.1428571
-1.126530612,607.1428571
-1.2,607.1428571
2.4,649.7959184
2.326530612,649.7959184
2.253061224,649.7959184
2.179591837,649.7959184
2.106122449,649.7959184
2.032653061,649.7959184
1.959183673,649.7959184
1.885714286,649.7959184
1.812244898,649.7959184
1.73877551,649.7959184
1.665306122,649.7959184
1.591836735,649.7959184
1.518367347,649.7959184
1.444897959,649.7959184
1.371428571,649.7959184
1.297959184,649.7959184
1.224489796,649.7959184
1.151020408,649.7959184
1.07755102,649.7959184
1.004081633,649.7959184
0.930612245,649.7959184
0.857142857,649.7959184
0.783673469,649.7959184
0.710204082,649.7959184
0.636734694,649.7959184
0.563265306,649.7959184
0.489795918,649.7959184
0.416326531,649.7959184
0.342857143,649.7959184
0.269387755,649.7959184
0.195918367,649.7959184
0.12244898,649.7959184
0.048979592,649.7959184
-0.024489796,649.7959184
-0.097959184,649.7959184
-0.171428571,649.7959184
-0.244897959,649.7959184
-0.318367347,649.7959184
-0.391836735,649.7959184
-0.465306122,649.7959184
-0.53877551,649.7959184
-0.612244898,649.7959184
-0.685714286,649.7959184
-0.759183673,649.7959184
-0.832653061,649.7959184
-0.906122449,649.7959184
-0.979591837,649.7959184
-1.053061224,649.7959184
-1.126530612,649.7959184
-1.2,649.7959184
2.4,692.4489796
2.326530612,692.4489796
2.253061224,692.4489796
2.179591837,692.4489796
2.106122449,692.4489796
2.032653061,692.4489796
1.959183673,692.4489796
1.885714286,692.4489796
1.812244898,692.4489796
1.73877551,692.4489796
1.665306122,692.4489796
1.591836735,692.4489796
1.518367347,692.4489796
1.444897959,692.4489796
1.371428571,692.4489796
1.297959184,692.4489796
1.224489796,692.4489796
1.151020408,692.4489796
1.07755102,692.4489796
1.004081633,692.4489796
0.930612245,692.4489796
0.857142857,692.4489796
0.783673469,692.4489796
0.710204082,692.4489796
0.636734694,692.4489796
0.563265306,692.4489796
0.489795918,692.4489796
0.416326531,692.4489796
0.342857143,692.4489796
0.269387755,692.4489796
0.195918367,692.4489796
0.12244898,692.4489796
0.048979592,692.4489796
-0.024489796,692.4489796
-0.097959184,692.4489796
-0.171428571,692.4489796
-0.244897959,692.4489796
-0.318367347,692.4489796
-0.391836735,692.4489796
-0.465306122,692.4489796
-0.53877551,692.4489796
-0.612244898,692.4489796
-0.685714286,692.4489796
-0.759183673,692.4489796
-0.832653061,692.4489796
-0.906122449,692.4489796
-0.979591837,692.4489796
-1.053061224,692.4489796
-1.126530612,692.4489796
-1.2,692.4489796
2.4,735.1020408
2.326530612,735.1020408
2.253061224,735.1020408
2.179591837,735.1020408
2.106122449,735.1020408
2.032653061,735.1020408
1.959183673,735.1020408
1.885714286,735.1020408
1.812244898,735.1020408
1.73877551,735.1020408
1.665306122,735.1020408
1.591836735,735.1020408
1.518367347,735.1020408
1.444897959,735.1020408
1.371428571,735.1020408
1.297959184,735.1020408
1.224489796,735.1020408
1.151020408,735.1020408
1.07755102,735.1020408
1.004081633,735.1020408
0.930612245,735.1020408
0.857142857,735.1020408
0.783673469,735.1020408
0.710204082,735.1020408
0.636734694,735.1020408
0.563265306,735.1020408
0.489795918,735.1020408
0.416326531,735.1020408
0.342857143,735.1020408
0.269387755,735.1020408
0.195918367,735.1020408
0.12244898,735.1020408
0.048979592,735.1020408
-0.024489796,735.1020408
-0.097959184,735.1020408
-0.171428571,735.1020408
-0.244897959,735.1020408
-0.318367347,735.1020408
-0.391836735,735.1020408
-0.465306122,735.1020408
-0.53877551,735.1020408
-0.612244898,735.1020408
-0.685714286,735.1020408
-0.759183673,735.1020408
-0.832653061,735.1020408
-0.906122449,735.1020408
-0.979591837,735.1020408
-1.053061224,735.1020408
-1.126530612,735.1020408
-1.2,735.1020408
2.4,777.755102
2.326530612,777.755102
2.253061224,777.755102
2.179591837,777.755102
2.106122449,777.755102
2.032653061,777.755102
1.959183673,777.755102
1.885714286,777.755102
1.812244898,777.755102
1.73877551,777.755102
1.665306122,777.755102
1.591836735,777.755102
1.518367347,777.755102
1.444897959,777.755102
1.371428571,777.755102
1.297959184,777.755102
1.224489796,777.755102
1.151020408,777.755102
1.07755102,777.755102
1.004081633,777.755102
0.930612245,777.755102
0.857142857,777.755102
0.783673469,777.755102
0.710204082,777.755102
0.636734694,777.755102
0.563265306,777.755102
0.489795918,777.755102
0.416326531,777.755102
0.342857143,777.755102
0.269387755,777.755102
0.195918367,777.755102
0.12244898,777.755102
0.048979592,777.755102
-0.024489796,777.755102
-0.097959184,777.755102
-0.171428571,777.755102
-0.244897959,777.755102
-0.318367347,777.755102
-0.391836735,777.755102
-0.465306122,777.755102
-0.53877551,777.755102
-0.612244898,777.755102
-0.685714286,777.755102
-0.759183673,777.755102
-0.832653061,777.755102
-0.906122449,777.755102
-0.979591837,777.755102
-1.053061224,777.755102
-1.126530612,777.755102
-1.2,777.755102
2.4,820.4081633
2.326530612,820.4081633
2.253061224,820.4081633
2.179591837,820.4081633
2.106122449,820.4081633
2.032653061,820.4081633
1.959183673,820.4081633
1.885714286,820.4081633
1.812244898,820.4081633
1.73877551,820.4081633
1.665306122,820.4081633
1.591836735,820.4081633
1.518367347,820.4081633
1.444897959,820.4081633
1.371428571,820.4081633
1.297959184,820.4081633
1.224489796,820.4081633
1.151020408,820.4081633
1.07755102,820.4081633
1.004081633,820.4081633
0.930612245,820.4081633
0.857142857,820.4081633
0.783673469,820.4081633
0.710204082,820.4081633
0.636734694,820.4081633
0.563265306,820.4081633
0.489795918,820.4081633
0.416326531,820.4081633
0.342857143,820.4081633
0.269387755,820.4081633
0.195918367,820.4081633
0.12244898,820.4081633
0.048979592,820.4081633
-0.024489796,820.4081633
-0.097959184,820.4081633
-0.171428571,820.4081633
-0.244897959,820.4081633
-0.318367347,820.4081633
-0.391836735,820.4081633
-0.465306122,820.4081633
-0.53877551,820.4081633
-0.612244898,820.4081633
-0.685714286,820.4081633
-0.759183673,820.4081633
-0.832653061,820.4081633
-0.906122449,820.4081633
-0.979591837,820.4081633
-1.053061224,820.4081633
-1.126530612,820.4081633
-1.2,820.4081633
2.4,863.0612245
2.326530612,863.0612245
2.253061224,863.0612245
2.179591837,863.0612245
2.106122449,863.0612245
2.032653061,863.0612245
1.959183673,863.0612245
1.885714286,863.0612245
1.812244898,863.0612245
1.73877551,863.0612245
1.665306122,863.0612245
1.591836735,863.0612245
1.518367347,863.0612245
1.444897959,863.0612245
1.371428571,863.0612245
1.297959184,863.0612245
1.224489796,863.0612245
1.151020408,863.0612245
1.07755102,863.0612245
1.004081633,863.0612245
0.930612245,863.0612245
0.857142857,863.0612245
0.783673469,863.0612245
0.710204082,863.0612245
0.636734694,863.0612245
0.563265306,863.0612245
0.489795918,863.0612245
0.416326531,863.0612245
0.342857143,863.0612245
0.269387755,863.0612245
0.195918367,863.0612245
0.12244898,863.0612245
0.048979592,863.0612245
-0.024489796,863.0612245
-0.097959184,863.0612245
-0.171428571,863.0612245
-0.244897959,863.0612245
-0.318367347,863.0612245
-0.391836735,863.0612245
-0.465306122,863.0612245
-0.53877551,863.0612245
-0.612244898,863.0612245
-0.685714286,863.0612245
-0.759183673,863.0612245
-0.832653061,863.0612245
-0.906122449,863.0612245
-0.979591837,863.0612245
-1.053061224,863.0612245
-1.126530612,863.0612245
-1.2,863.0612245
2.4,905.7142857
2.326530612,905.7142857
2.253061224,905.7142857
2.179591837,905.7142857
2.106122449,905.7142857
2.032653061,905.7142857
1.959183673,905.7142857
1.885714286,905.7142857
1.812244898,905.7142857
1.73877551,905.7142857
1.665306122,905.7142857
1.591836735,905.7142857
1.518367347,905.7142857
1.444897959,905.7142857
1.371428571,905.7142857
1.297959184,905.7142857
1.224489796,905.7142857
1.151020408,905.7142857
1.07755102,905.7142857
1.004081633,905.7142857
0.930612245,905.7142857
0.857142857,905.7142857
0.783673469,905.7142857
0.710204082,905.7142857
0.636734694,905.7142857
0.563265306,905.7142857
0.489795918,905.7142857
0.416326531,905.7142857
0.342857143,905.7142857
0.269387755,905.7142857
0.195918367,905.7142857
0.12244898,905.7142857
0.048979592,905.7142857
-0.024489796,905.7142857
-0.097959184,905.7142857
-0.171428571,905.7142857
-0.244897959,905.7142857
-0.318367347,905.7142857
-0.391836735,905.7142857
-0.465306122,905.7142857
-0.53877551,905.7142857
-0.612244898,905.7142857
-0.685714286,905.7142857
-0.759183673,905.7142857
-0.832653061,905.7142857
-0.906122449,905.7142857
-0.979591837,905.7142857
-1.053061224,905.7142857
-1.126530612,905.7142857
-1.2,905.7142857
2.4,948.3673469
2.326530612,948.3673469
2.253061224,948.3673469
2.179591837,948.3673469
2.106122449,948.3673469
2.032653061,948.3673469
1.959183673,948.3673469
1.885714286,948.3673469
1.812244898,948.3673469
1.73877551,948.3673469
1.665306122,948.3673469
1.591836735,948.3673469
1.518367347,948.3673469
1.444897959,948.3673469
1.371428571,948.3673469
1.297959184,948.3673469
1.224489796,948.3673469
1.151020408,948.3673469
1.07755102,948.3673469
1.004081633,948.3673469
0.930612245,948.3673469
0.857142857,948.3673469
0.783673469,948.3673469
0.710204082,948.3673469
0.636734694,948.3673469
0.563265306,948.3673469
0.489795918,948.3673469
0.416326531,948.3673469
0.342857143,948.3673469
0.269387755,948.3673469
0.195918367,948.3673469
0.12244898,948.3673469
0.048979592,948.3673469
-0.024489796,948.3673469
-0.097959184,948.3673469
-0.171428571,948.3673469
-0.244897959,948.3673469
-0.318367347,948.3673469
-0.391836735,948.3673469
-0.465306122,948.3673469
-0.53877551,948.3673469
-0.612244898,948.3673469
-0.685714286,948.3673469
-0.759183673,948.3673469
-0.832653061,948.3673469
-0.906122449,948.3673469
-0.979591837,948.3673469
-1.053061224,948.3673469
-1.126530612,948.3673469
-1.2,948.3673469
2.4,991.0204082
2.326530612,991.0204082
2.253061224,991.0204082
2.179591837,991.0204082
2.106122449,991.0204082
2.032653061,991.0204082
1.959183673,991.0204082
1.885714286,991.0204082
1.812244898,991.0204082
1.73877551,991.0204082
1.665306122,991.0204082
1.591836735,991.0204082
1.518367347,991.0204082
1.444897959,991.0204082
1.371428571,991.0204082
1.297959184,991.0204082
1.224489796,991.0204082
1.151020408,991.0204082
1.07755102,991.0204082
1.004081633,991.0204082
0.930612245,991.0204082
0.857142857,991.0204082
0.783673469,991.0204082
0.710204082,991.0204082
0.636734694,991.0204082
0.563265306,991.0204082
0.489795918,991.0204082
0.416326531,991.0204082
0.342857143,991.0204082
0.269387755,991.0204082
0.195918367,991.0204082
0.12244898,991.0204082
0.048979592,991.0204082
-0.024489796,991.0204082
-0.097959184,991.0204082
-0.171428571,991.0204082
-0.244897959,991.0204082
-0.318367347,991.0204082
-0.391836735,991.0204082
-0.465306122,991.0204082
-0.53877551,991.0204082
-0.612244898,991.0204082
-0.685714286,991.0204082
-0.759183673,991.0204082
-0.832653061,991.0204082
-0.906122449,991.0204082
-0.979591837,991.0204082
-1.053061224,991.0204082
-1.126530612,991.0204082
-1.2,991.0204082
2.4,1033.673469
2.326530612,1033.673469
2.253061224,1033.673469
2.179591837,1033.673469
2.106122449,1033.673469
2.032653061,1033.673469
1.959183673,1033.673469
1.885714286,1033.673469
1.812244898,1033.673469
1.73877551,1033.673469
1.665306122,1033.673469
1.591836735,1033.673469
1.518367347,1033.673469
1.444897959,1033.673469
1.371428571,1033.673469
1.297959184,1033.673469
1.224489796,1033.673469
1.151020408,1033.673469
1.07755102,1033.673469
1.004081633,1033.673469
0.930612245,1033.673469
0.857142857,1033.673469
0.783673469,1033.673469
0.710204082,1033.673469
0.636734694,1033.673469
0.563265306,1033.673469
0.489795918,1033.673469
0.416326531,1033.673469
0.342857143,1033.673469
0.269387755,1033.673469
0.195918367,1033.673469
0.12244898,1033.673469
0.048979592,1033.673469
-0.024489796,1033.673469
-0.097959184,1033.673469
-0.171428571,1033.673469
-0.244897959,1033.673469
-0.318367347,1033.673469
-0.391836735,1033.673469
-0.465306122,1033.673469
-0.53877551,1033.673469
-0.612244898,1033.673469
-0.685714286,1033.673469
-0.759183673,1033.673469
-0.832653061,1033.673469
-0.906122449,1033.673469
-0.979591837,1033.673469
-1.053061224,1033.673469
-1.126530612,1033.673469
-1.2,1033.673469
2.4,1076.326531
2.326530612,1076.326531
2.253061224,1076.326531
2.179591837,1076.326531
2.106122449,1076.326531
2.032653061,1076.326531
1.959183673,1076.326531
1.885714286,1076.326531
1.812244898,1076.326531
1.73877551,1076.326531
1.665306122,1076.326531
1.591836735,1076.326531
1.518367347,1076.326531
1.444897959,1076.326531
1.371428571,1076.326531
1.297959184,1076.326531
1.224489796,1076.326531
1.151020408,1076.326531
1.07755102,1076.326531
1.004081633,1076.326531
0.930612245,1076.326531
0.857142857,1076.326531
0.783673469,1076.326531
0.710204082,1076.326531
0.636734694,1076.326531
0.563265306,1076.326531
0.489795918,1076.326531
0.416326531,1076.326531
0.342857143,1076.326531
0.269387755,1076.326531
0.195918367,1076.326531
0.12244898,1076.326531
0.048979592,1076.326531
-0.024489796,1076.326531
-0.097959184,1076.326531
-0.171428571,1076.326531
-0.244897959,1076.326531
-0.318367347,1076.326531
-0.391836735,1076.326531
-0.465306122,1076.326531
-0.53877551,1076.326531
-0.612244898,1076.326531
-0.685714286,1076.326531
-0.759183673,1076.326531
-0.832653061,1076.326531
-0.906122449,1076.326531
-0.979591837,1076.326531
-1.053061224,1076.326531
-1.126530612,1076.326531
-1.2,1076.326531
2.4,1118.979592
2.326530612,1118.979592
2.253061224,1118.979592
2.179591837,1118.979592
2.106122449,1118.979592
2.032653061,1118.979592
1.959183673,1118.979592
1.885714286,1118.979592
1.812244898,1118.979592
1.73877551,1118.979592
1.665306122,1118.979592
1.591836735,1118.979592
1.518367347,1118.979592
1.444897959,1118.979592
1.371428571,1118.979592
1.297959184,1118.979592
1.224489796,1118.979592
1.151020408,1118.979592
1.07755102,1118.979592
1.004081633,1118.979592
0.930612245,1118.979592
0.857142857,1118.979592
0.783673469,1118.979592
0.710204082,1118.979592
0.636734694,1118.979592
0.563265306,1118.979592
0.489795918,1118.979592
0.416326531,1118.979592
0.342857143,1118.979592
0.269387755,1118.979592
0.195918367,1118.979592
0.12244898,1118.979592
0.048979592,1118.979592
-0.024489796,1118.979592
-0.097959184,1118.979592
-0.171428571,1118.979592
-0.244897959,1118.979592
-0.318367347,1118.979592
-0.391836735,1118.979592
-0.465306122,1118.979592
-0.53877551,1118.979592
-0.612244898,1118.979592
-0.685714286,1118.979592
-0.759183673,1118.979592
-0.832653061,1118.979592
-0.906122449,1118.979592
-0.979591837,1118.979592
-1.053061224,1118.979592
-1.126530612,1118.979592
-1.2,1118.979592
2.4,1161.632653
2.326530612,1161.632653
2.253061224,1161.632653
2.179591837,1161.632653
2.106122449,1161.632653
2.032653061,1161.632653
1.959183673,1161.632653
1.885714286,1161.632653
1.812244898,1161.632653
1.73877551,1161.632653
1.665306122,1161.632653
1.591836735,1161.632653
1.518367347,1161.632653
1.444897959,1161.632653
1.371428571,1161.632653
1.297959184,1161.632653
1.224489796,1161.632653
1.151020408,1161.632653
1.07755102,1161.632653
1.004081633,1161.632653
0.930612245,1161.632653
0.857142857,1161.632653
0.783673469,1161.632653
0.710204082,1161.632653
0.636734694,1161.632653
0.563265306,1161.632653
0.489795918,1161.632653
0.416326531,1161.632653
0.342857143,1161.632653
0.269387755,1161.632653
0.195918367,1161.632653
0.12244898,1161.632653
0.048979592,1161.632653
-0.024489796,1161.632653
-0.097959184,1161.632653
-0.171428571,1161.632653
-0.244897959,1161.632653
-0.318367347,1161.632653
-0.391836735,1161.632653
-0.465306122,1161.632653
-0.53877551,1161.632653
-0.612244898,1161.632653
-0.685714286,1161.632653
-0.759183673,1161.632653
-0.832653061,1161.632653
-0.906122449,1161.632653
-0.979591837,1161.632653
-1.053061224,1161.632653
-1.126530612,1161.632653
-1.2,1161.632653
2.4,1204.285714
2.326530612,1204.285714
2.253061224,1204.285714
2.179591837,1204.285714
2.106122449,1204.285714
2.032653061,1204.285714
1.959183673,1204.285714
1.885714286,1204.285714
1.812244898,1204.285714
1.73877551,1204.285714
1.665306122,1204.285714
1.591836735,1204.285714
1.518367347,1204.285714
1.444897959,1204.285714
1.371428571,1204.285714
1.297959184,1204.285714
1.224489796,1204.285714
1.151020408,1204.285714
1.07755102,1204.285714
1.004081633,1204.285714
0.930612245,1204.285714
0.857142857,1204.285714
0.783673469,1204.285714
0.710204082,1204.285714
0.636734694,1204.285714
0.563265306,1204.285714
0.489795918,1204.285714
0.416326531,1204.285714
0.342857143,1204.285714
0.269387755,1204.285714
0.195918367,1204.285714
0.12244898,1204.285714
0.048979592,1204.285714
-0.024489796,1204.285714
-0.097959184,1204.285714
-0.171428571,1204.285714
-0.244897959,1204.285714
-0.318367347,1204.285714
-0.391836735,1204.285714
-0.465306122,1204.285714
-0.53877551,1204.285714
-0.612244898,1204.285714
-0.685714286,1204.285714
-0.759183673,1204.285714
-0.832653061,1204.285714
-0.906122449,1204.285714
-0.979591837,1204.285714
-1.053061224,1204.285714
-1.126530612,1204.285714
-1.2,1204.285714
2.4,1246.938776
2.326530612,1246.938776
2.253061224,1246.938776
2.179591837,1246.938776
2.106122449,1246.938776
2.032653061,1246.938776
1.959183673,1246.938776
1.885714286,1246.938776
1.812244898,1246.938776
1.73877551,1246.938776
1.665306122,1246.938776
1.591836735,1246.938776
1.518367347,1246.938776
1.444897959,1246.938776
1.371428571,1246.938776
1.297959184,1246.938776
1.224489796,1246.938776
1.151020408,1246.938776
1.07755102,1246.938776
1.004081633,1246.938776
0.930612245,1246.938776
0.857142857,1246.938776
0.783673469,1246.938776
0.710204082,1246.938776
0.636734694,1246.938776
0.563265306,1246.938776
0.489795918,1246.938776
0.416326531,1246.938776
0.342857143,1246.938776
0.269387755,1246.938776
0.195918367,1246.938776
0.12244898,1246.938776
0.048979592,1246.938776
-0.024489796,1246.938776
-0.097959184,1246.938776
-0.171428571,1246.938776
-0.244897959,1246.938776
-0.318367347,1246.938776
-0.391836735,1246.938776
-0.465306122,1246.938776
-0.53877551,1246.938776
-0.612244898,1246.938776
-0.685714286,1246.938776
-0.759183673,1246.938776
-0.832653061,1246.938776
-0.906122449,1246.938776
-0.979591837,1246.938776
-1.053061224,1246.938776
-1.126530612,1246.938776
-1.2,1246.938776
2.4,1289.591837
2.326530612,1289.591837
2.253061224,1289.591837
2.179591837,1289.591837
2.106122449,1289.591837
2.032653061,1289.591837
1.959183673,1289.591837
1.885714286,1289.591837
1.812244898,1289.591837
1.73877551,1289.591837
1.665306122,1289.591837
1.591836735,1289.591837
1.518367347,1289.591837
1.444897959,1289.591837
1.371428571,1289.591837
1.297959184,1289.591837
1.224489796,1289.591837
1.151020408,1289.591837
1.07755102,1289.591837
1.004081633,1289.591837
0.930612245,1289.591837
0.857142857,1289.591837
0.783673469,1289.591837
0.710204082,1289.591837
0.636734694,1289.591837
0.563265306,1289.591837
0.489795918,1289.591837
0.416326531,1289.591837
0.342857143,1289.591837
0.269387755,1289.591837
0.195918367,1289.591837
0.12244898,1289.591837
0.048979592,1289.591837
-0.024489796,1289.591837
-0.097959184,1289.591837
-0.171428571,1289.591837
-0.244897959,1289.591837
-0.318367347,1289.591837
-0.391836735,1289.591837
-0.465306122,1289.591837
-0.53877551,1289.591837
-0.612244898,1289.591837
-0.685714286,1289.591837
-0.759183673,1289.591837
-0.832653061,1289.591837
-0.906122449,1289.591837
-0.979591837,1289.591837
-1.053061224,1289.591837
-1.126530612,1289.591837
-1.2,1289.591837
2.4,1332.244898
2.326530612,1332.244898
2.253061224,1332.244898
2.179591837,1332.244898
2.106122449,1332.244898
2.032653061,1332.244898
1.959183673,1332.244898
1.885714286,1332.244898
1.812244898,1332.244898
1.73877551,1332.244898
1.665306122,1332.244898
1.591836735,1332.244898
1.518367347,1332.244898
1.444897959,1332.244898
1.371428571,1332.244898
1.297959184,1332.244898
1.224489796,1332.244898
1.151020408,1332.244898
1.07755102,1332.244898
1.004081633,1332.244898
0.930612245,1332.244898
0.857142857,1332.244898
0.783673469,1332.244898
0.710204082,1332.244898
0.636734694,1332.244898
0.563265306,1332.244898
0.489795918,1332.244898
0.416326531,1332.244898
0.342857143,1332.244898
0.269387755,1332.244898
0.195918367,1332.244898
0.12244898,1332.244898
0.048979592,1332.244898
-0.024489796,1332.244898
-0.097959184,1332.244898
-0.171428571,1332.244898
-0.244897959,1332.244898
-0.318367347,1332.244898
-0.391836735,1332.244898
-0.465306122,1332.244898
-0.53877551,1332.244898
-0.612244898,1332.244898
-0.685714286,1332.244898
-0.759183673,1332.244898
-0.832653061,1332.244898
-0.906122449,1332.244898
-0.979591837,1332.244898
-1.053061224,1332.244898
-1.126530612,1332.244898
-1.2,1332.244898
2.4,1374.897959
2.326530612,1374.897959
2.253061224,1374.897959
2.179591837,1374.897959
2.106122449,1374.897959
2.032653061,1374.897959
1.959183673,1374.897959
1.885714286,1374.897959
1.812244898,1374.897959
1.73877551,1374.897959
1.665306122,1374.897959
1.591836735,1374.897959
1.518367347,1374.897959
1.444897959,1374.897959
1.371428571,1374.897959
1.297959184,1374.897959
1.224489796,1374.897959
1.151020408,1374.897959
1.07755102,1374.897959
1.004081633,1374.897959
0.930612245,1374.897959
0.857142857,1374.897959
0.783673469,1374.897959
0.710204082,1374.897959
0.636734694,1374.897959
0.563265306,1374.897959
0.489795918,1374.897959
0.416326531,1374.897959
0.342857143,1374.897959
0.269387755,1374.897959
0.195918367,1374.897959
0.12244898,1374.897959
0.048979592,1374.897959
-0.024489796,1374.897959
-0.097959184,1374.897959
-0.171428571,1374.897959
-0.244897959,1374.897959
-0.318367347,1374.897959
-0.391836735,1374.897959
-0.465306122,1374.897959
-0.53877551,1374.897959
-0.612244898,1374.897959
-0.685714286,1374.897959
-0.759183673,1374.897959
-0.832653061,1374.897959
-0.906122449,1374.897959
-0.979591837,1374.897959
-1.053061224,1374.897959
-1.126530612,1374.897959
-1.2,1374.897959
2.4,1417.55102
2.326530612,1417.55102
2.253061224,1417.55102
2.179591837,1417.55102
2.106122449,1417.55102
2.032653061,1417.55102
1.959183673,1417.55102
1.885714286,1417.55102
1.812244898,1417.55102
1.73877551,1417.55102
1.665306122,1417.55102
1.591836735,1417.55102
1.518367347,1417.55102
1.444897959,1417.55102
1.371428571,1417.55102
1.297959184,1417.55102
1.224489796,1417.55102
1.151020408,1417.55102
1.07755102,1417.55102
1.004081633,1417.55102
0.930612245,1417.55102
0.857142857,1417.55102
0.783673469,1417.55102
0.710204082,1417.55102
0.636734694,1417.55102
0.563265306,1417.55102
0.489795918,1417.55102
0.416326531,1417.55102
0.342857143,1417.55102
0.269387755,1417.55102
0.195918367,1417.55102
0.12244898,1417.55102
0.048979592,1417.55102
-0.024489796,1417.55102
-0.097959184,1417.55102
-0.171428571,1417.55102
-0.244897959,1417.55102
-0.318367347,1417.55102
-0.391836735,1417.55102
-0.465306122,1417.55102
-0.53877551,1417.55102
-0.612244898,1417.55102
-0.685714286,1417.55102
-0.759183673,1417.55102
-0.832653061,1417.55102
-0.906122449,1417.55102
-0.979591837,1417.55102
-1.053061224,1417.55102
-1.126530612,1417.55102
-1.2,1417.55102
2.4,1460.204082
2.326530612,1460.204082
2.253061224,1460.204082
2.179591837,1460.204082
2.106122449,1460.204082
2.032653061,1460.204082
1.959183673,1460.204082
1.885714286,1460.204082
1.812244898,1460.204082
1.73877551,1460.204082
1.665306122,1460.204082
1.591836735,1460.204082
1.518367347,1460.204082
1.444897959,1460.204082
1.371428571,1460.204082
1.297959184,1460.204082
1.224489796,1460.204082
1.151020408,1460.204082
1.07755102,1460.204082
1.004081633,1460.204082
0.930612245,1460.204082
0.857142857,1460.204082
0.783673469,1460.204082
0.710204082,1460.204082
0.636734694,1460.204082
0.563265306,1460.204082
0.489795918,1460.204082
0.416326531,1460.204082
0.342857143,1460.204082
0.269387755,1460.204082
0.195918367,1460.204082
0.12244898,1460.204082
0.048979592,1460.204082
-0.024489796,1460.204082
-0.097959184,1460.204082
-0.171428571,1460.204082
-0.244897959,1460.204082
-0.318367347,1460.204082
-0.391836735,1460.204082
-0.465306122,1460.204082
-0.53877551,1460.204082
-0.612244898,1460.204082
-0.685714286,1460.204082
-0.759183673,1460.204082
-0.832653061,1460.204082
-0.906122449,1460.204082
-0.979591837,1460.204082
-1.053061224,1460.204082
-1.126530612,1460.204082
-1.2,1460.204082
2.4,1502.857143
2.326530612,1502.857143
2.253061224,1502.857143
2.179591837,1502.857143
2.106122449,1502.857143
2.032653061,1502.857143
1.959183673,1502.857143
1.885714286,1502.857143
1.812244898,1502.857143
1.73877551,1502.857143
1.665306122,1502.857143
1.591836735,1502.857143
1.518367347,1502.857143
1.444897959,1502.857143
1.371428571,1502.857143
1.297959184,1502.857143
1.224489796,1502.857143
1.151020408,1502.857143
1.07755102,1502.857143
1.004081633,1502.857143
0.930612245,1502.857143
0.857142857,1502.857143
0.783673469,1502.857143
0.710204082,1502.857143
0.636734694,1502.857143
0.563265306,1502.857143
0.489795918,1502.857143
0.416326531,1502.857143
0.342857143,1502.857143
0.269387755,1502.857143
0.195918367,1502.857143
0.12244898,1502.857143
0.048979592,1502.857143
-0.024489796,1502.857143
-0.097959184,1502.857143
-0.171428571,1502.857143
-0.244897959,1502.857143
-0.318367347,1502.857143
-0.391836735,1502.857143
-0.465306122,1502.857143
-0.53877551,1502.857143
-0.612244898,1502.857143
-0.685714286,1502.857143
-0.759183673,1502.857143
-0.832653061,1502.857143
-0.906122449,1502.857143
-0.979591837,1502.857143
-1.053061224,1502.857143
-1.126530612,1502.857143
-1.2,1502.857143
2.4,1545.510204
2.326530612,1545.510204
2.253061224,1545.510204
2.179591837,1545.510204
2.106122449,1545.510204
2.032653061,1545.510204
1.959183673,1545.510204
1.885714286,1545.510204
1.812244898,1545.510204
1.73877551,1545.510204
1.665306122,1545.510204
1.591836735,1545.510204
1.518367347,1545.510204
1.444897959,1545.510204
1.371428571,1545.510204
1.297959184,1545.510204
1.224489796,1545.510204
1.151020408,1545.510204
1.07755102,1545.510204
1.004081633,1545.510204
0.930612245,1545.510204
0.857142857,1545.510204
0.783673469,1545.510204
0.710204082,1545.510204
0.636734694,1545.510204
0.563265306,1545.510204
0.489795918,1545.510204
0.416326531,1545.510204
0.342857143,1545.510204
0.269387755,1545.510204
0.195918367,1545.510204
0.12244898,1545.510204
0.048979592,1545.510204
-0.024489796,1545.510204
-0.097959184,1545.510204
-0.171428571,1545.510204
-0.244897959,1545.510204
-0.318367347,1545.510204
-0.391836735,1545.510204
-0.465306122,1545.510204
-0.53877551,1545.510204
-0.612244898,1545.510204
-0.685714286,1545.510204
-0.759183673,1545.510204
-0.832653061,1545.510204
-0.906122449,1545.510204
-0.979591837,1545.510204
-1.053061224,1545.510204
-1.126530612,1545.510204
-1.2,1545.510204
2.4,1588.163265
2.326530612,1588.163265
2.253061224,1588.163265
2.179591837,1588.163265
2.106122449,1588.163265
2.032653061,1588.163265
1.959183673,1588.163265
1.885714286,1588.163265
1.812244898,1588.163265
1.73877551,1588.163265
1.665306122,1588.163265
1.591836735,1588.163265
1.518367347,1588.163265
1.444897959,1588.163265
1.371428571,1588.163265
1.297959184,1588.163265
1.224489796,1588.163265
1.151020408,1588.163265
1.07755102,1588.163265
1.004081633,1588.163265
0.930612245,1588.163265
0.857142857,1588.163265
0.783673469,1588.163265
0.710204082,1588.163265
0.636734694,1588.163265
0.563265306,1588.163265
0.489795918,1588.163265
0.416326531,1588.163265
0.342857143,1588.163265
0.269387755,1588.163265
0.195918367,1588.163265
0.12244898,1588.163265
0.048979592,1588.163265
-0.024489796,1588.163265
-0.097959184,1588.163265
-0.171428571,1588.163265
-0.244897959,1588.163265
-0.318367347,1588.163265
-0.391836735,1588.163265
-0.465306122,1588.163265
-0.53877551,1588.163265
-0.612244898,1588.163265
-0.685714286,1588.163265
-0.759183673,1588.163265
-0.832653061,1588.163265
-0.906122449,1588.163265
-0.979591837,1588.163265
-1.053061224,1588.163265
-1.126530612,1588.163265
-1.2,1588.163265
2.4,1630.816327
2.326530612,1630.816327
2.253061224,1630.816327
2.179591837,1630.816327
2.106122449,1630.816327
2.032653061,1630.816327
1.959183673,1630.816327
1.885714286,1630.816327
1.812244898,1630.816327
1.73877551,1630.816327
1.665306122,1630.816327
1.591836735,1630.816327
1.518367347,1630.816327
1.444897959,1630.816327
1.371428571,1630.816327
1.297959184,1630.816327
1.224489796,1630.816327
1.151020408,1630.816327
1.07755102,1630.816327
1.004081633,1630.816327
0.930612245,1630.816327
0.857142857,1630.816327
0.783673469,1630.816327
0.710204082,1630.816327
0.636734694,1630.816327
0.563265306,1630.816327
0.489795918,1630.816327
0.416326531,1630.816327
0.342857143,1630.816327
0.269387755,1630.816327
0.195918367,1630.816327
0.12244898,1630.816327
0.048979592,1630.816327
-0.024489796,1630.816327
-0.097959184,1630.816327
-0.171428571,1630.816327
-0.244897959,1630.816327
-0.318367347,1630.816327
-0.391836735,1630.816327
-0.465306122,1630.816327
-0.53877551,1630.816327
-0.612244898,1630.816327
-0.685714286,1630.816327
-0.759183673,1630.816327
-0.832653061,1630.816327
-0.906122449,1630.816327
-0.979591837,1630.816327
-1.053061224,1630.816327
-1.126530612,1630.816327
-1.2,1630.816327
2.4,1673.469388
2.326530612,1673.469388
2.253061224,1673.469388
2.179591837,1673.469388
2.106122449,1673.469388
2.032653061,1673.469388
1.959183673,1673.469388
1.885714286,1673.469388
1.812244898,1673.469388
1.73877551,1673.469388
1.665306122,1673.469388
1.591836735,1673.469388
1.518367347,1673.469388
1.444897959,1673.469388
1.371428571,1673.469388
1.297959184,1673.469388
1.224489796,1673.469388
1.151020408,1673.469388
1.07755102,1673.469388
1.004081633,1673.469388
0.930612245,1673.469388
0.857142857,1673.469388
0.783673469,1673.469388
0.710204082,1673.469388
0.636734694,1673.469388
0.563265306,1673.469388
0.489795918,1673.469388
0.416326531,1673.469388
0.342857143,1673.469388
0.269387755,1673.469388
0.195918367,1673.469388
0.12244898,1673.469388
0.048979592,1673.469388
-0.024489796,1673.469388
-0.097959184,1673.469388
-0.171428571,1673.469388
-0.244897959,1673.469388
-0.318367347,1673.469388
-0.391836735,1673.469388
-0.465306122,1673.469388
-0.53877551,1673.469388
-0.612244898,1673.469388
-0.685714286,1673.469388
-0.759183673,1673.469388
-0.832653061,1673.469388
-0.906122449,1673.469388
-0.979591837,1673.469388
-1.053061224,1673.469388
-1.126530612,1673.469388
-1.2,1673.469388
2.4,1716.122449
2.326530612,1716.122449
2.253061224,1716.122449
2.179591837,1716.122449
2.106122449,1716.122449
2.032653061,1716.122449
1.959183673,1716.122449
1.885714286,1716.122449
1.812244898,1716.122449
1.73877551,1716.122449
1.665306122,1716.122449
1.591836735,1716.122449
1.518367347,1716.122449
1.444897959,1716.122449
1.371428571,1716.122449
1.297959184,1716.122449
1.224489796,1716.122449
1.151020408,1716.122449
1.07755102,1716.122449
1.004081633,1716.122449
0.930612245,1716.122449
0.857142857,1716.122449
0.783673469,1716.122449
0.710204082,1716.122449
0.636734694,1716.122449
0.563265306,1716.122449
0.489795918,1716.122449
0.416326531,1716.122449
0.342857143,1716.122449
0.269387755,1716.122449
0.195918367,1716.122449
0.12244898,1716.122449
0.048979592,1716.122449
-0.024489796,1716.122449
-0.097959184,1716.122449
-0.171428571,1716.122449
-0.244897959,1716.122449
-0.318367347,1716.122449
-0.391836735,1716.122449
-0.465306122,1716.122449
-0.53877551,1716.122449
-0.612244898,1716.122449
-0.685714286,1716.122449
-0.759183673,1716.122449
-0.832653061,1716.122449
-0.906122449,1716.122449
-0.979591837,1716.122449
-1.053061224,1716.122449
-1.126530612,1716.122449
-1.2,1716.122449
2.4,1758.77551
2.326530612,1758.77551
2.253061224,1758.77551
2.179591837,1758.77551
2.106122449,1758.77551
2.032653061,1758.77551
1.959183673,1758.77551
1.885714286,1758.77551
1.812244898,1758.77551
1.73877551,1758.77551
1.665306122,1758.77551
1.591836735,1758.77551
1.518367347,1758.77551
1.444897959,1758.77551
1.371428571,1758.77551
1.297959184,1758.77551
1.224489796,1758.77551
1.151020408,1758.77551
1.07755102,1758.77551
1.004081633,1758.77551
0.930612245,1758.77551
0.857142857,1758.77551
0.783673469,1758.77551
0.710204082,1758.77551
0.636734694,1758.77551
0.563265306,1758.77551
0.489795918,1758.77551
0.416326531,1758.77551
0.342857143,1758.77551
0.269387755,1758.77551
0.195918367,1758.77551
0.12244898,1758.77551
0.048979592,1758.77551
-0.024489796,1758.77551
-0.097959184,1758.77551
-0.171428571,1758.77551
-0.244897959,1758.77551
-0.318367347,1758.77551
-0.391836735,1758.77551
-0.465306122,1758.77551
-0.53877551,1758.77551
-0.612244898,1758.77551
-0.685714286,1758.77551
-0.759183673,1758.77551
-0.832653061,1758.77551
-0.906122449,1758.77551
-0.979591837,1758.77551
-1.053061224,1758.77551
-1.126530612,1758.77551
-1.2,1758.77551
2.4,1801.428571
2.326530612,1801.428571
2.253061224,1801.428571
2.179591837,1801.428571
2.106122449,1801.428571
2.032653061,1801.428571
1.959183673,1801.428571
1.885714286,1801.428571
1.812244898,1801.428571
1.73877551,1801.428571
1.665306122,1801.428571
1.591836735,1801.428571
1.518367347,1801.428571
1.444897959,1801.428571
1.371428571,1801.428571
1.297959184,1801.428571
1.224489796,1801.428571
1.151020408,1801.428571
1.07755102,1801.428571
1.004081633,1801.428571
0.930612245,1801.428571
0.857142857,1801.428571
0.783673469,1801.428571
0.710204082,1801.428571
0.636734694,1801.428571
0.563265306,1801.428571
0.489795918,1801.428571
0.416326531,1801.428571
0.342857143,1801.428571
0.269387755,1801.428571
0.195918367,1801.428571
0.12244898,1801.428571
0.048979592,1801.428571
-0.024489796,1801.428571
-0.097959184,1801.428571
-0.171428571,1801.428571
-0.244897959,1801.428571
-0.318367347,1801.428571
-0.391836735,1801.428571
-0.465306122,1801.428571
-0.53877551,1801.428571
-0.612244898,1801.428571
-0.685714286,1801.428571
-0.759183673,1801.428571
-0.832653061,1801.428571
-0.906122449,1801.428571
-0.979591837,1801.428571
-1.053061224,1801.428571
-1.126530612,1801.428571
-1.2,1801.428571
2.4,1844.081633
2.326530612,1844.081633
2.253061224,1844.081633
2.179591837,1844.081633
2.106122449,1844.081633
2.032653061,1844.081633
1.959183673,1844.081633
1.885714286,1844.081633
1.812244898,1844.081633
1.73877551,1844.081633
1.665306122,1844.081633
1.591836735,1844.081633
1.518367347,1844.081633
1.444897959,1844.081633
1.371428571,1844.081633
1.297959184,1844.081633
1.224489796,1844.081633
1.151020408,1844.081633
1.07755102,1844.081633
1.004081633,1844.081633
0.930612245,1844.081633
0.857142857,1844.081633
0.783673469,1844.081633
0.710204082,1844.081633
0.636734694,1844.081633
0.563265306,1844.081633
0.489795918,1844.081633
0.416326531,1844.081633
0.342857143,1844.081633
0.269387755,1844.081633
0.195918367,1844.081633
0.12244898,1844.081633
0.048979592,1844.081633
-0.024489796,1844.081633
-0.097959184,1844.081633
-0.171428571,1844.081633
-0.244897959,1844.081633
-0.318367347,1844.081633
-0.391836735,1844.081633
-0.465306122,1844.081633
-0.53877551,1844.081633
-0.612244898,1844.081633
-0.685714286,1844.081633
-0.759183673,1844.081633
-0.832653061,1844.081633
-0.906122449,1844.081633
-0.979591837,1844.081633
-1.053061224,1844.081633
-1.126530612,1844.081633
-1.2,1844.081633
2.4,1886.734694
2.326530612,1886.734694
2.253061224,1886.734694
2.179591837,1886.734694
2.106122449,1886.734694
2.032653061,1886.734694
1.959183673,1886.734694
1.885714286,1886.734694
1.812244898,1886.734694
1.73877551,1886.734694
1.665306122,1886.734694
1.591836735,1886.734694
1.518367347,1886.734694
1.444897959,1886.734694
1.371428571,1886.734694
1.297959184,1886.734694
1.224489796,1886.734694
1.151020408,1886.734694
1.07755102,1886.734694
1.004081633,1886.734694
0.930612245,1886.734694
0.857142857,1886.734694
0.783673469,1886.734694
0.710204082,1886.734694
0.636734694,1886.734694
0.563265306,1886.734694
0.489795918,1886.734694
0.416326531,1886.734694
0.342857143,1886.734694
0.269387755,1886.734694
0.195918367,1886.734694
0.12244898,1886.734694
0.048979592,1886.734694
-0.024489796,1886.734694
-0.097959184,1886.734694
-0.171428571,1886.734694
-0.244897959,1886.734694
-0.318367347,1886.734694
-0.391836735,1886.734694
-0.465306122,1886.734694
-0.53877551,1886.734694
-0.612244898,1886.734694
-0.685714286,1886.734694
-0.759183673,1886.734694
-0.832653061,1886.734694
-0.906122449,1886.734694
-0.979591837,1886.734694
-1.053061224,1886.734694
-1.126530612,1886.734694
-1.2,1886.734694
2.4,1929.387755
2.326530612,1929.387755
2.253061224,1929.387755
2.179591837,1929.387755
2.106122449,1929.387755
2.032653061,1929.387755
1.959183673,1929.387755
1.885714286,1929.387755
1.812244898,1929.387755
1.73877551,1929.387755
1.665306122,1929.387755
1.591836735,1929.387755
1.518367347,1929.387755
1.444897959,1929.387755
1.371428571,1929.387755
1.297959184,1929.387755
1.224489796,1929.387755
1.151020408,1929.387755
1.07755102,1929.387755
1.004081633,1929.387755
0.930612245,1929.387755
0.857142857,1929.387755
0.783673469,1929.387755
0.710204082,1929.387755
0.636734694,1929.387755
0.563265306,1929.387755
0.489795918,1929.387755
0.416326531,1929.387755
0.342857143,1929.387755
0.269387755,1929.387755
0.195918367,1929.387755
0.12244898,1929.387755
0.048979592,1929.387755
-0.024489796,1929.387755
-0.097959184,1929.387755
-0.171428571,1929.387755
-0.244897959,1929.387755
-0.318367347,1929.387755
-0.391836735,1929.387755
-0.465306122,1929.387755
-0.53877551,1929.387755
-0.612244898,1929.387755
-0.685714286,1929.387755
-0.759183673,1929.387755
-0.832653061,1929.387755
-0.906122449,1929.387755
-0.979591837,1929.387755
-1.053061224,1929.387755
-1.126530612,1929.387755
-1.2,1929.387755
2.4,1972.040816
2.326530612,1972.040816
2.253061224,1972.040816
2.179591837,1972.040816
2.106122449,1972.040816
2.032653061,1972.040816
1.959183673,1972.040816
1.885714286,1972.040816
1.812244898,1972.040816
1.73877551,1972.040816
1.665306122,1972.040816
1.591836735,1972.040816
1.518367347,1972.040816
1.444897959,1972.040816
1.371428571,1972.040816
1.297959184,1972.040816
1.224489796,1972.040816
1.151020408,1972.040816
1.07755102,1972.040816
1.004081633,1972.040816
0.930612245,1972.040816
0.857142857,1972.040816
0.783673469,1972.040816
0.710204082,1972.040816
0.636734694,1972.040816
0.563265306,1972.040816
0.489795918,1972.040816
0.416326531,1972.040816
0.342857143,1972.040816
0.269387755,1972.040816
0.195918367,1972.040816
0.12244898,1972.040816
0.048979592,1972.040816
-0.024489796,1972.040816
-0.097959184,1972.040816
-0.171428571,1972.040816
-0.244897959,1972.040816
-0.318367347,1972.040816
-0.391836735,1972.040816
-0.465306122,1972.040816
-0.53877551,1972.040816
-0.612244898,1972.040816
-0.685714286,1972.040816
-0.759183673,1972.040816
-0.832653061,1972.040816
-0.906122449,1972.040816
-0.979591837,1972.040816
-1.053061224,1972.040816
-1.126530612,1972.040816
-1.2,1972.040816
2.4,2014.693878
2.326530612,2014.693878
2.253061224,2014.693878
2.179591837,2014.693878
2.106122449,2014.693878
2.032653061,2014.693878
1.959183673,2014.693878
1.885714286,2014.693878
1.812244898,2014.693878
1.73877551,2014.693878
1.665306122,2014.693878
1.591836735,2014.693878
1.518367347,2014.693878
1.444897959,2014.693878
1.371428571,2014.693878
1.297959184,2014.693878
1.224489796,2014.693878
1.151020408,2014.693878
1.07755102,2014.693878
1.004081633,2014.693878
0.930612245,2014.693878
0.857142857,2014.693878
0.783673469,2014.693878
0.710204082,2014.693878
0.636734694,2014.693878
0.563265306,2014.693878
0.489795918,2014.693878
0.416326531,2014.693878
0.342857143,2014.693878
0.269387755,2014.693878
0.195918367,2014.693878
0.12244898,2014.693878
0.048979592,2014.693878
-0.024489796,2014.693878
-0.097959184,2014.693878
-0.171428571,2014.693878
-0.244897959,2014.693878
-0.318367347,2014.693878
-0.391836735,2014.693878
-0.465306122,2014.693878
-0.53877551,2014.693878
-0.612244898,2014.693878
-0.685714286,2014.693878
-0.759183673,2014.693878
-0.832653061,2014.693878
-0.906122449,2014.693878
-0.979591837,2014.693878
-1.053061224,2014.693878
-1.126530612,2014.693878
-1.2,2014.693878
2.4,2057.346939
2.326530612,2057.346939
2.253061224,2057.346939
2.179591837,2057.346939
2.106122449,2057.346939
2.032653061,2057.346939
1.959183673,2057.346939
1.885714286,2057.346939
1.812244898,2057.346939
1.73877551,2057.346939
1.665306122,2057.346939
1.591836735,2057.346939
1.518367347,2057.346939
1.444897959,2057.346939
1.371428571,2057.346939
1.297959184,2057.346939
1.224489796,2057.346939
1.151020408,2057.346939
1.07755102,2057.346939
1.004081633,2057.346939
0.930612245,2057.346939
0.857142857,2057.346939
0.783673469,2057.346939
0.710204082,2057.346939
0.636734694,2057.346939
0.563265306,2057.346939
0.489795918,2057.346939
0.416326531,2057.346939
0.342857143,2057.346939
0.269387755,2057.346939
0.195918367,2057.346939
0.12244898,2057.346939
0.048979592,2057.346939
-0.024489796,2057.346939
-0.097959184,2057.346939
-0.171428571,2057.346939
-0.244897959,2057.346939
-0.318367347,2057.346939
-0.391836735,2057.346939
-0.465306122,2057.346939
-0.53877551,2057.346939
-0.612244898,2057.346939
-0.685714286,2057.346939
-0.759183673,2057.346939
-0.832653061,2057.346939
-0.906122449,2057.346939
-0.979591837,2057.346939
-1.053061224,2057.346939
-1.126530612,2057.346939
-1.2,2057.346939
2.4,2100
2.326530612,2100
2.253061224,2100
2.179591837,2100
2.106122449,2100
2.032653061,2100
1.959183673,2100
1.885714286,2100
1.812244898,2100
1.73877551,2100
1.665306122,2100
1.591836735,2100
1.518367347,2100
1.444897959,2100
1.371428571,2100
1.297959184,2100
1.224489796,2100
1.151020408,2100
1.07755102,2100
1.004081633,2100
0.930612245,2100
0.857142857,2100
0.783673469,2100
0.710204082,2100
0.636734694,2100
0.563265306,2100
0.489795918,2100
0.416326531,2100
0.342857143,2100
0.269387755,2100
0.195918367,2100
0.12244898,2100
0.048979592,2100
-0.024489796,2100
-0.097959184,2100
-0.171428571,2100
-0.244897959,2100
-0.318367347,2100
-0.391836735,2100
-0.465306122,2100
-0.53877551,2100
-0.612244898,2100
-0.685714286,2100
-0.759183673,2100
-0.832653061,2100
-0.906122449,2100
-0.979591837,2100
-1.053061224,2100
-1.126530612,2100
-1.2,2100
