Aver_delta,L
2.4,1
2.326530612,1
2.253061224,1
2.179591837,1
2.106122449,1
2.032653061,1
1.959183673,1
1.885714286,1
1.812244898,1
1.73877551,1
1.665306122,1
1.591836735,1
1.518367347,1
1.444897959,1
1.371428571,1
1.297959184,1
1.224489796,1
1.151020408,1
1.07755102,1
1.004081633,1
0.930612245,1
0.857142857,1
0.783673469,1
0.710204082,1
0.636734694,1
0.563265306,1
0.489795918,1
0.416326531,1
0.342857143,1
0.269387755,1
0.195918367,1
0.12244898,1
0.048979592,1
-0.024489796,1
-0.097959184,1
-0.171428571,1
-0.244897959,1
-0.318367347,1
-0.391836735,1
-0.465306122,1
-0.53877551,1
-0.612244898,1
-0.685714286,1
-0.759183673,1
-0.832653061,1
-0.906122449,1
-0.979591837,1
-1.053061224,1
-1.126530612,1
-1.2,1
2.4,1.081632653
2.326530612,1.081632653
2.253061224,1.081632653
2.179591837,1.081632653
2.106122449,1.081632653
2.032653061,1.081632653
1.959183673,1.081632653
1.885714286,1.081632653
1.812244898,1.081632653
1.73877551,1.081632653
1.665306122,1.081632653
1.591836735,1.081632653
1.518367347,1.081632653
1.444897959,1.081632653
1.371428571,1.081632653
1.297959184,1.081632653
1.224489796,1.081632653
1.151020408,1.081632653
1.07755102,1.081632653
1.004081633,1.081632653
0.930612245,1.081632653
0.857142857,1.081632653
0.783673469,1.081632653
0.710204082,1.081632653
0.636734694,1.081632653
0.563265306,1.081632653
0.489795918,1.081632653
0.416326531,1.081632653
0.342857143,1.081632653
0.269387755,1.081632653
0.195918367,1.081632653
0.12244898,1.081632653
0.048979592,1.081632653
-0.024489796,1.081632653
-0.097959184,1.081632653
-0.171428571,1.081632653
-0.244897959,1.081632653
-0.318367347,1.081632653
-0.391836735,1.081632653
-0.465306122,1.081632653
-0.53877551,1.081632653
-0.612244898,1.081632653
-0.685714286,1.081632653
-0.759183673,1.081632653
-0.832653061,1.081632653
-0.906122449,1.081632653
-0.979591837,1.081632653
-1.053061224,1.081632653
-1.126530612,1.081632653
-1.2,1.081632653
2.4,1.163265306
2.326530612,1.163265306
2.253061224,1.163265306
2.179591837,1.163265306
2.106122449,1.163265306
2.032653061,1.163265306
1.959183673,1.163265306
1.885714286,1.163265306
1.812244898,1.163265306
1.73877551,1.163265306
1.665306122,1.163265306
1.591836735,1.163265306
1.518367347,1.163265306
1.444897959,1.163265306
1.371428571,1.163265306
1.297959184,1.163265306
1.224489796,1.163265306
1.151020408,1.163265306
1.07755102,1.163265306
1.004081633,1.163265306
0.930612245,1.163265306
0.857142857,1.163265306
0.783673469,1.163265306
0.710204082,1.163265306
0.636734694,1.163265306
0.563265306,1.163265306
0.489795918,1.163265306
0.416326531,1.163265306
0.342857143,1.163265306
0.269387755,1.163265306
0.195918367,1.163265306
0.12244898,1.163265306
0.048979592,1.163265306
-0.024489796,1.163265306
-0.097959184,1.163265306
-0.171428571,1.163265306
-0.244897959,1.163265306
-0.318367347,1.163265306
-0.391836735,1.163265306
-0.465306122,1.163265306
-0.53877551,1.163265306
-0.612244898,1.163265306
-0.685714286,1.163265306
-0.759183673,1.163265306
-0.832653061,1.163265306
-0.906122449,1.163265306
-0.979591837,1.163265306
-1.053061224,1.163265306
-1.126530612,1.163265306
-1.2,1.163265306
2.4,1.244897959
2.326530612,1.244897959
2.253061224,1.244897959
2.179591837,1.244897959
2.106122449,1.244897959
2.032653061,1.244897959
1.959183673,1.244897959
1.885714286,1.244897959
1.812244898,1.244897959
1.73877551,1.244897959
1.665306122,1.244897959
1.591836735,1.244897959
1.518367347,1.244897959
1.444897959,1.244897959
1.371428571,1.244897959
1.297959184,1.244897959
1.224489796,1.244897959
1.151020408,1.244897959
1.07755102,1.244897959
1.004081633,1.244897959
0.930612245,1.244897959
0.857142857,1.244897959
0.783673469,1.244897959
0.710204082,1.244897959
0.636734694,1.244897959
0.563265306,1.244897959
0.489795918,1.244897959
0.416326531,1.244897959
0.342857143,1.244897959
0.269387755,1.244897959
0.195918367,1.244897959
0.12244898,1.244897959
0.048979592,1.244897959
-0.024489796,1.244897959
-0.097959184,1.244897959
-0.171428571,1.244897959
-0.244897959,1.244897959
-0.318367347,1.244897959
-0.391836735,1.244897959
-0.465306122,1.244897959
-0.53877551,1.244897959
-0.612244898,1.244897959
-0.685714286,1.244897959
-0.759183673,1.244897959
-0.832653061,1.244897959
-0.906122449,1.244897959
-0.979591837,1.244897959
-1.053061224,1.244897959
-1.126530612,1.244897959
-1.2,1.244897959
2.4,1.326530612
2.326530612,1.326530612
2.253061224,1.326530612
2.179591837,1.326530612
2.106122449,1.326530612
2.032653061,1.326530612
1.959183673,1.326530612
1.885714286,1.326530612
1.812244898,1.326530612
1.73877551,1.326530612
1.665306122,1.326530612
1.591836735,1.326530612
1.518367347,1.326530612
1.444897959,1.326530612
1.371428571,1.326530612
1.297959184,1.326530612
1.224489796,1.326530612
1.151020408,1.326530612
1.07755102,1.326530612
1.004081633,1.326530612
0.930612245,1.326530612
0.857142857,1.326530612
0.783673469,1.326530612
0.710204082,1.326530612
0.636734694,1.326530612
0.563265306,1.326530612
0.489795918,1.326530612
0.416326531,1.326530612
0.342857143,1.326530612
0.269387755,1.326530612
0.195918367,1.326530612
0.12244898,1.326530612
0.048979592,1.326530612
-0.024489796,1.326530612
-0.097959184,1.326530612
-0.171428571,1.326530612
-0.244897959,1.326530612
-0.318367347,1.326530612
-0.391836735,1.326530612
-0.465306122,1.326530612
-0.53877551,1.326530612
-0.612244898,1.326530612
-0.685714286,1.326530612
-0.759183673,1.326530612
-0.832653061,1.326530612
-0.906122449,1.326530612
-0.979591837,1.326530612
-1.053061224,1.326530612
-1.126530612,1.326530612
-1.2,1.326530612
2.4,1.408163265
2.326530612,1.408163265
2.253061224,1.408163265
2.179591837,1.408163265
2.106122449,1.408163265
2.032653061,1.408163265
1.959183673,1.408163265
1.885714286,1.408163265
1.812244898,1.408163265
1.73877551,1.408163265
1.665306122,1.408163265
1.591836735,1.408163265
1.518367347,1.408163265
1.444897959,1.408163265
1.371428571,1.408163265
1.297959184,1.408163265
1.224489796,1.408163265
1.151020408,1.408163265
1.07755102,1.408163265
1.004081633,1.408163265
0.930612245,1.408163265
0.857142857,1.408163265
0.783673469,1.408163265
0.710204082,1.408163265
0.636734694,1.408163265
0.563265306,1.408163265
0.489795918,1.408163265
0.416326531,1.408163265
0.342857143,1.408163265
0.269387755,1.408163265
0.195918367,1.408163265
0.12244898,1.408163265
0.048979592,1.408163265
-0.024489796,1.408163265
-0.097959184,1.408163265
-0.171428571,1.408163265
-0.244897959,1.408163265
-0.318367347,1.408163265
-0.391836735,1.408163265
-0.465306122,1.408163265
-0.53877551,1.408163265
-0.612244898,1.408163265
-0.685714286,1.408163265
-0.759183673,1.408163265
-0.832653061,1.408163265
-0.906122449,1.408163265
-0.979591837,1.408163265
-1.053061224,1.408163265
-1.126530612,1.408163265
-1.2,1.408163265
2.4,1.489795918
2.326530612,1.489795918
2.253061224,1.489795918
2.179591837,1.489795918
2.106122449,1.489795918
2.032653061,1.489795918
1.959183673,1.489795918
1.885714286,1.489795918
1.812244898,1.489795918
1.73877551,1.489795918
1.665306122,1.489795918
1.591836735,1.489795918
1.518367347,1.489795918
1.444897959,1.489795918
1.371428571,1.489795918
1.297959184,1.489795918
1.224489796,1.489795918
1.151020408,1.489795918
1.07755102,1.489795918
1.004081633,1.489795918
0.930612245,1.489795918
0.857142857,1.489795918
0.783673469,1.489795918
0.710204082,1.489795918
0.636734694,1.489795918
0.563265306,1.489795918
0.489795918,1.489795918
0.416326531,1.489795918
0.342857143,1.489795918
0.269387755,1.489795918
0.195918367,1.489795918
0.12244898,1.489795918
0.048979592,1.489795918
-0.024489796,1.489795918
-0.097959184,1.489795918
-0.171428571,1.489795918
-0.244897959,1.489795918
-0.318367347,1.489795918
-0.391836735,1.489795918
-0.465306122,1.489795918
-0.53877551,1.489795918
-0.612244898,1.489795918
-0.685714286,1.489795918
-0.759183673,1.489795918
-0.832653061,1.489795918
-0.906122449,1.489795918
-0.979591837,1.489795918
-1.053061224,1.489795918
-1.126530612,1.489795918
-1.2,1.489795918
2.4,1.571428571
2.326530612,1.571428571
2.253061224,1.571428571
2.179591837,1.571428571
2.106122449,1.571428571
2.032653061,1.571428571
1.959183673,1.571428571
1.885714286,1.571428571
1.812244898,1.571428571
1.73877551,1.571428571
1.665306122,1.571428571
1.591836735,1.571428571
1.518367347,1.571428571
1.444897959,1.571428571
1.371428571,1.571428571
1.297959184,1.571428571
1.224489796,1.571428571
1.151020408,1.571428571
1.07755102,1.571428571
1.004081633,1.571428571
0.930612245,1.571428571
0.857142857,1.571428571
0.783673469,1.571428571
0.710204082,1.571428571
0.636734694,1.571428571
0.563265306,1.571428571
0.489795918,1.571428571
0.416326531,1.571428571
0.342857143,1.571428571
0.269387755,1.571428571
0.195918367,1.571428571
0.12244898,1.571428571
0.048979592,1.571428571
-0.024489796,1.571428571
-0.097959184,1.571428571
-0.171428571,1.571428571
-0.244897959,1.571428571
-0.318367347,1.571428571
-0.391836735,1.571428571
-0.465306122,1.571428571
-0.53877551,1.571428571
-0.612244898,1.571428571
-0.685714286,1.571428571
-0.759183673,1.571428571
-0.832653061,1.571428571
-0.906122449,1.571428571
-0.979591837,1.571428571
-1.053061224,1.571428571
-1.126530612,1.571428571
-1.2,1.571428571
2.4,1.653061224
2.326530612,1.653061224
2.253061224,1.653061224
2.179591837,1.653061224
2.106122449,1.653061224
2.032653061,1.653061224
1.959183673,1.653061224
1.885714286,1.653061224
1.812244898,1.653061224
1.73877551,1.653061224
1.665306122,1.653061224
1.591836735,1.653061224
1.518367347,1.653061224
1.444897959,1.653061224
1.371428571,1.653061224
1.297959184,1.653061224
1.224489796,1.653061224
1.151020408,1.653061224
1.07755102,1.653061224
1.004081633,1.653061224
0.930612245,1.653061224
0.857142857,1.653061224
0.783673469,1.653061224
0.710204082,1.653061224
0.636734694,1.653061224
0.563265306,1.653061224
0.489795918,1.653061224
0.416326531,1.653061224
0.342857143,1.653061224
0.269387755,1.653061224
0.195918367,1.653061224
0.12244898,1.653061224
0.048979592,1.653061224
-0.024489796,1.653061224
-0.097959184,1.653061224
-0.171428571,1.653061224
-0.244897959,1.653061224
-0.318367347,1.653061224
-0.391836735,1.653061224
-0.465306122,1.653061224
-0.53877551,1.653061224
-0.612244898,1.653061224
-0.685714286,1.653061224
-0.759183673,1.653061224
-0.832653061,1.653061224
-0.906122449,1.653061224
-0.979591837,1.653061224
-1.053061224,1.653061224
-1.126530612,1.653061224
-1.2,1.653061224
2.4,1.734693878
2.326530612,1.734693878
2.253061224,1.734693878
2.179591837,1.734693878
2.106122449,1.734693878
2.032653061,1.734693878
1.959183673,1.734693878
1.885714286,1.734693878
1.812244898,1.734693878
1.73877551,1.734693878
1.665306122,1.734693878
1.591836735,1.734693878
1.518367347,1.734693878
1.444897959,1.734693878
1.371428571,1.734693878
1.297959184,1.734693878
1.224489796,1.734693878
1.151020408,1.734693878
1.07755102,1.734693878
1.004081633,1.734693878
0.930612245,1.734693878
0.857142857,1.734693878
0.783673469,1.734693878
0.710204082,1.734693878
0.636734694,1.734693878
0.563265306,1.734693878
0.489795918,1.734693878
0.416326531,1.734693878
0.342857143,1.734693878
0.269387755,1.734693878
0.195918367,1.734693878
0.12244898,1.734693878
0.048979592,1.734693878
-0.024489796,1.734693878
-0.097959184,1.734693878
-0.171428571,1.734693878
-0.244897959,1.734693878
-0.318367347,1.734693878
-0.391836735,1.734693878
-0.465306122,1.734693878
-0.53877551,1.734693878
-0.612244898,1.734693878
-0.685714286,1.734693878
-0.759183673,1.734693878
-0.832653061,1.734693878
-0.906122449,1.734693878
-0.979591837,1.734693878
-1.053061224,1.734693878
-1.126530612,1.734693878
-1.2,1.734693878
2.4,1.816326531
2.326530612,1.816326531
2.253061224,1.816326531
2.179591837,1.816326531
2.106122449,1.816326531
2.032653061,1.816326531
1.959183673,1.816326531
1.885714286,1.816326531
1.812244898,1.816326531
1.73877551,1.816326531
1.665306122,1.816326531
1.591836735,1.816326531
1.518367347,1.816326531
1.444897959,1.816326531
1.371428571,1.816326531
1.297959184,1.816326531
1.224489796,1.816326531
1.151020408,1.816326531
1.07755102,1.816326531
1.004081633,1.816326531
0.930612245,1.816326531
0.857142857,1.816326531
0.783673469,1.816326531
0.710204082,1.816326531
0.636734694,1.816326531
0.563265306,1.816326531
0.489795918,1.816326531
0.416326531,1.816326531
0.342857143,1.816326531
0.269387755,1.816326531
0.195918367,1.816326531
0.12244898,1.816326531
0.048979592,1.816326531
-0.024489796,1.816326531
-0.097959184,1.816326531
-0.171428571,1.816326531
-0.244897959,1.816326531
-0.318367347,1.816326531
-0.391836735,1.816326531
-0.465306122,1.816326531
-0.53877551,1.816326531
-0.612244898,1.816326531
-0.685714286,1.816326531
-0.759183673,1.816326531
-0.832653061,1.816326531
-0.906122449,1.816326531
-0.979591837,1.816326531
-1.053061224,1.816326531
-1.126530612,1.816326531
-1.2,1.816326531
2.4,1.897959184
2.326530612,1.897959184
2.253061224,1.897959184
2.179591837,1.897959184
2.106122449,1.897959184
2.032653061,1.897959184
1.959183673,1.897959184
1.885714286,1.897959184
1.812244898,1.897959184
1.73877551,1.897959184
1.665306122,1.897959184
1.591836735,1.897959184
1.518367347,1.897959184
1.444897959,1.897959184
1.371428571,1.897959184
1.297959184,1.897959184
1.224489796,1.897959184
1.151020408,1.897959184
1.07755102,1.897959184
1.004081633,1.897959184
0.930612245,1.897959184
0.857142857,1.897959184
0.783673469,1.897959184
0.710204082,1.897959184
0.636734694,1.897959184
0.563265306,1.897959184
0.489795918,1.897959184
0.416326531,1.897959184
0.342857143,1.897959184
0.269387755,1.897959184
0.195918367,1.897959184
0.12244898,1.897959184
0.048979592,1.897959184
-0.024489796,1.897959184
-0.097959184,1.897959184
-0.171428571,1.897959184
-0.244897959,1.897959184
-0.318367347,1.897959184
-0.391836735,1.897959184
-0.465306122,1.897959184
-0.53877551,1.897959184
-0.612244898,1.897959184
-0.685714286,1.897959184
-0.759183673,1.897959184
-0.832653061,1.897959184
-0.906122449,1.897959184
-0.979591837,1.897959184
-1.053061224,1.897959184
-1.126530612,1.897959184
-1.2,1.897959184
2.4,1.979591837
2.326530612,1.979591837
2.253061224,1.979591837
2.179591837,1.979591837
2.106122449,1.979591837
2.032653061,1.979591837
1.959183673,1.979591837
1.885714286,1.979591837
1.812244898,1.979591837
1.73877551,1.979591837
1.665306122,1.979591837
1.591836735,1.979591837
1.518367347,1.979591837
1.444897959,1.979591837
1.371428571,1.979591837
1.297959184,1.979591837
1.224489796,1.979591837
1.151020408,1.979591837
1.07755102,1.979591837
1.004081633,1.979591837
0.930612245,1.979591837
0.857142857,1.979591837
0.783673469,1.979591837
0.710204082,1.979591837
0.636734694,1.979591837
0.563265306,1.979591837
0.489795918,1.979591837
0.416326531,1.979591837
0.342857143,1.979591837
0.269387755,1.979591837
0.195918367,1.979591837
0.12244898,1.979591837
0.048979592,1.979591837
-0.024489796,1.979591837
-0.097959184,1.979591837
-0.171428571,1.979591837
-0.244897959,1.979591837
-0.318367347,1.979591837
-0.391836735,1.979591837
-0.465306122,1.979591837
-0.53877551,1.979591837
-0.612244898,1.979591837
-0.685714286,1.979591837
-0.759183673,1.979591837
-0.832653061,1.979591837
-0.906122449,1.979591837
-0.979591837,1.979591837
-1.053061224,1.979591837
-1.126530612,1.979591837
-1.2,1.979591837
2.4,2.06122449
2.326530612,2.06122449
2.253061224,2.06122449
2.179591837,2.06122449
2.106122449,2.06122449
2.032653061,2.06122449
1.959183673,2.06122449
1.885714286,2.06122449
1.812244898,2.06122449
1.73877551,2.06122449
1.665306122,2.06122449
1.591836735,2.06122449
1.518367347,2.06122449
1.444897959,2.06122449
1.371428571,2.06122449
1.297959184,2.06122449
1.224489796,2.06122449
1.151020408,2.06122449
1.07755102,2.06122449
1.004081633,2.06122449
0.930612245,2.06122449
0.857142857,2.06122449
0.783673469,2.06122449
0.710204082,2.06122449
0.636734694,2.06122449
0.563265306,2.06122449
0.489795918,2.06122449
0.416326531,2.06122449
0.342857143,2.06122449
0.269387755,2.06122449
0.195918367,2.06122449
0.12244898,2.06122449
0.048979592,2.06122449
-0.024489796,2.06122449
-0.097959184,2.06122449
-0.171428571,2.06122449
-0.244897959,2.06122449
-0.318367347,2.06122449
-0.391836735,2.06122449
-0.465306122,2.06122449
-0.53877551,2.06122449
-0.612244898,2.06122449
-0.685714286,2.06122449
-0.759183673,2.06122449
-0.832653061,2.06122449
-0.906122449,2.06122449
-0.979591837,2.06122449
-1.053061224,2.06122449
-1.126530612,2.06122449
-1.2,2.06122449
2.4,2.142857143
2.326530612,2.142857143
2.253061224,2.142857143
2.179591837,2.142857143
2.106122449,2.142857143
2.032653061,2.142857143
1.959183673,2.142857143
1.885714286,2.142857143
1.812244898,2.142857143
1.73877551,2.142857143
1.665306122,2.142857143
1.591836735,2.142857143
1.518367347,2.142857143
1.444897959,2.142857143
1.371428571,2.142857143
1.297959184,2.142857143
1.224489796,2.142857143
1.151020408,2.142857143
1.07755102,2.142857143
1.004081633,2.142857143
0.930612245,2.142857143
0.857142857,2.142857143
0.783673469,2.142857143
0.710204082,2.142857143
0.636734694,2.142857143
0.563265306,2.142857143
0.489795918,2.142857143
0.416326531,2.142857143
0.342857143,2.142857143
0.269387755,2.142857143
0.195918367,2.142857143
0.12244898,2.142857143
0.048979592,2.142857143
-0.024489796,2.142857143
-0.097959184,2.142857143
-0.171428571,2.142857143
-0.244897959,2.142857143
-0.318367347,2.142857143
-0.391836735,2.142857143
-0.465306122,2.142857143
-0.53877551,2.142857143
-0.612244898,2.142857143
-0.685714286,2.142857143
-0.759183673,2.142857143
-0.832653061,2.142857143
-0.906122449,2.142857143
-0.979591837,2.142857143
-1.053061224,2.142857143
-1.126530612,2.142857143
-1.2,2.142857143
2.4,2.224489796
2.326530612,2.224489796
2.253061224,2.224489796
2.179591837,2.224489796
2.106122449,2.224489796
2.032653061,2.224489796
1.959183673,2.224489796
1.885714286,2.224489796
1.812244898,2.224489796
1.73877551,2.224489796
1.665306122,2.224489796
1.591836735,2.224489796
1.518367347,2.224489796
1.444897959,2.224489796
1.371428571,2.224489796
1.297959184,2.224489796
1.224489796,2.224489796
1.151020408,2.224489796
1.07755102,2.224489796
1.004081633,2.224489796
0.930612245,2.224489796
0.857142857,2.224489796
0.783673469,2.224489796
0.710204082,2.224489796
0.636734694,2.224489796
0.563265306,2.224489796
0.489795918,2.224489796
0.416326531,2.224489796
0.342857143,2.224489796
0.269387755,2.224489796
0.195918367,2.224489796
0.12244898,2.224489796
0.048979592,2.224489796
-0.024489796,2.224489796
-0.097959184,2.224489796
-0.171428571,2.224489796
-0.244897959,2.224489796
-0.318367347,2.224489796
-0.391836735,2.224489796
-0.465306122,2.224489796
-0.53877551,2.224489796
-0.612244898,2.224489796
-0.685714286,2.224489796
-0.759183673,2.224489796
-0.832653061,2.224489796
-0.906122449,2.224489796
-0.979591837,2.224489796
-1.053061224,2.224489796
-1.126530612,2.224489796
-1.2,2.224489796
2.4,2.306122449
2.326530612,2.306122449
2.253061224,2.306122449
2.179591837,2.306122449
2.106122449,2.306122449
2.032653061,2.306122449
1.959183673,2.306122449
1.885714286,2.306122449
1.812244898,2.306122449
1.73877551,2.306122449
1.665306122,2.306122449
1.591836735,2.306122449
1.518367347,2.306122449
1.444897959,2.306122449
1.371428571,2.306122449
1.297959184,2.306122449
1.224489796,2.306122449
1.151020408,2.306122449
1.07755102,2.306122449
1.004081633,2.306122449
0.930612245,2.306122449
0.857142857,2.306122449
0.783673469,2.306122449
0.710204082,2.306122449
0.636734694,2.306122449
0.563265306,2.306122449
0.489795918,2.306122449
0.416326531,2.306122449
0.342857143,2.306122449
0.269387755,2.306122449
0.195918367,2.306122449
0.12244898,2.306122449
0.048979592,2.306122449
-0.024489796,2.306122449
-0.097959184,2.306122449
-0.171428571,2.306122449
-0.244897959,2.306122449
-0.318367347,2.306122449
-0.391836735,2.306122449
-0.465306122,2.306122449
-0.53877551,2.306122449
-0.612244898,2.306122449
-0.685714286,2.306122449
-0.759183673,2.306122449
-0.832653061,2.306122449
-0.906122449,2.306122449
-0.979591837,2.306122449
-1.053061224,2.306122449
-1.126530612,2.306122449
-1.2,2.306122449
2.4,2.387755102
2.326530612,2.387755102
2.253061224,2.387755102
2.179591837,2.387755102
2.106122449,2.387755102
2.032653061,2.387755102
1.959183673,2.387755102
1.885714286,2.387755102
1.812244898,2.387755102
1.73877551,2.387755102
1.665306122,2.387755102
1.591836735,2.387755102
1.518367347,2.387755102
1.444897959,2.387755102
1.371428571,2.387755102
1.297959184,2.387755102
1.224489796,2.387755102
1.151020408,2.387755102
1.07755102,2.387755102
1.004081633,2.387755102
0.930612245,2.387755102
0.857142857,2.387755102
0.783673469,2.387755102
0.710204082,2.387755102
0.636734694,2.387755102
0.563265306,2.387755102
0.489795918,2.387755102
0.416326531,2.387755102
0.342857143,2.387755102
0.269387755,2.387755102
0.195918367,2.387755102
0.12244898,2.387755102
0.048979592,2.387755102
-0.024489796,2.387755102
-0.097959184,2.387755102
-0.171428571,2.387755102
-0.244897959,2.387755102
-0.318367347,2.387755102
-0.391836735,2.387755102
-0.465306122,2.387755102
-0.53877551,2.387755102
-0.612244898,2.387755102
-0.685714286,2.387755102
-0.759183673,2.387755102
-0.832653061,2.387755102
-0.906122449,2.387755102
-0.979591837,2.387755102
-1.053061224,2.387755102
-1.126530612,2.387755102
-1.2,2.387755102
2.4,2.469387755
2.326530612,2.469387755
2.253061224,2.469387755
2.179591837,2.469387755
2.106122449,2.469387755
2.032653061,2.469387755
1.959183673,2.469387755
1.885714286,2.469387755
1.812244898,2.469387755
1.73877551,2.469387755
1.665306122,2.469387755
1.591836735,2.469387755
1.518367347,2.469387755
1.444897959,2.469387755
1.371428571,2.469387755
1.297959184,2.469387755
1.224489796,2.469387755
1.151020408,2.469387755
1.07755102,2.469387755
1.004081633,2.469387755
0.930612245,2.469387755
0.857142857,2.469387755
0.783673469,2.469387755
0.710204082,2.469387755
0.636734694,2.469387755
0.563265306,2.469387755
0.489795918,2.469387755
0.416326531,2.469387755
0.342857143,2.469387755
0.269387755,2.469387755
0.195918367,2.469387755
0.12244898,2.469387755
0.048979592,2.469387755
-0.024489796,2.469387755
-0.097959184,2.469387755
-0.171428571,2.469387755
-0.244897959,2.469387755
-0.318367347,2.469387755
-0.391836735,2.469387755
-0.465306122,2.469387755
-0.53877551,2.469387755
-0.612244898,2.469387755
-0.685714286,2.469387755
-0.759183673,2.469387755
-0.832653061,2.469387755
-0.906122449,2.469387755
-0.979591837,2.469387755
-1.053061224,2.469387755
-1.126530612,2.469387755
-1.2,2.469387755
2.4,2.551020408
2.326530612,2.551020408
2.253061224,2.551020408
2.179591837,2.551020408
2.106122449,2.551020408
2.032653061,2.551020408
1.959183673,2.551020408
1.885714286,2.551020408
1.812244898,2.551020408
1.73877551,2.551020408
1.665306122,2.551020408
1.591836735,2.551020408
1.518367347,2.551020408
1.444897959,2.551020408
1.371428571,2.551020408
1.297959184,2.551020408
1.224489796,2.551020408
1.151020408,2.551020408
1.07755102,2.551020408
1.004081633,2.551020408
0.930612245,2.551020408
0.857142857,2.551020408
0.783673469,2.551020408
0.710204082,2.551020408
0.636734694,2.551020408
0.563265306,2.551020408
0.489795918,2.551020408
0.416326531,2.551020408
0.342857143,2.551020408
0.269387755,2.551020408
0.195918367,2.551020408
0.12244898,2.551020408
0.048979592,2.551020408
-0.024489796,2.551020408
-0.097959184,2.551020408
-0.171428571,2.551020408
-0.244897959,2.551020408
-0.318367347,2.551020408
-0.391836735,2.551020408
-0.465306122,2.551020408
-0.53877551,2.551020408
-0.612244898,2.551020408
-0.685714286,2.551020408
-0.759183673,2.551020408
-0.832653061,2.551020408
-0.906122449,2.551020408
-0.979591837,2.551020408
-1.053061224,2.551020408
-1.126530612,2.551020408
-1.2,2.551020408
2.4,2.632653061
2.326530612,2.632653061
2.253061224,2.632653061
2.179591837,2.632653061
2.106122449,2.632653061
2.032653061,2.632653061
1.959183673,2.632653061
1.885714286,2.632653061
1.812244898,2.632653061
1.73877551,2.632653061
1.665306122,2.632653061
1.591836735,2.632653061
1.518367347,2.632653061
1.444897959,2.632653061
1.371428571,2.632653061
1.297959184,2.632653061
1.224489796,2.632653061
1.151020408,2.632653061
1.07755102,2.632653061
1.004081633,2.632653061
0.930612245,2.632653061
0.857142857,2.632653061
0.783673469,2.632653061
0.710204082,2.632653061
0.636734694,2.632653061
0.563265306,2.632653061
0.489795918,2.632653061
0.416326531,2.632653061
0.342857143,2.632653061
0.269387755,2.632653061
0.195918367,2.632653061
0.12244898,2.632653061
0.048979592,2.632653061
-0.024489796,2.632653061
-0.097959184,2.632653061
-0.171428571,2.632653061
-0.244897959,2.632653061
-0.318367347,2.632653061
-0.391836735,2.632653061
-0.465306122,2.632653061
-0.53877551,2.632653061
-0.612244898,2.632653061
-0.685714286,2.632653061
-0.759183673,2.632653061
-0.832653061,2.632653061
-0.906122449,2.632653061
-0.979591837,2.632653061
-1.053061224,2.632653061
-1.126530612,2.632653061
-1.2,2.632653061
2.4,2.714285714
2.326530612,2.714285714
2.253061224,2.714285714
2.179591837,2.714285714
2.106122449,2.714285714
2.032653061,2.714285714
1.959183673,2.714285714
1.885714286,2.714285714
1.812244898,2.714285714
1.73877551,2.714285714
1.665306122,2.714285714
1.591836735,2.714285714
1.518367347,2.714285714
1.444897959,2.714285714
1.371428571,2.714285714
1.297959184,2.714285714
1.224489796,2.714285714
1.151020408,2.714285714
1.07755102,2.714285714
1.004081633,2.714285714
0.930612245,2.714285714
0.857142857,2.714285714
0.783673469,2.714285714
0.710204082,2.714285714
0.636734694,2.714285714
0.563265306,2.714285714
0.489795918,2.714285714
0.416326531,2.714285714
0.342857143,2.714285714
0.269387755,2.714285714
0.195918367,2.714285714
0.12244898,2.714285714
0.048979592,2.714285714
-0.024489796,2.714285714
-0.097959184,2.714285714
-0.171428571,2.714285714
-0.244897959,2.714285714
-0.318367347,2.714285714
-0.391836735,2.714285714
-0.465306122,2.714285714
-0.53877551,2.714285714
-0.612244898,2.714285714
-0.685714286,2.714285714
-0.759183673,2.714285714
-0.832653061,2.714285714
-0.906122449,2.714285714
-0.979591837,2.714285714
-1.053061224,2.714285714
-1.126530612,2.714285714
-1.2,2.714285714
2.4,2.795918367
2.326530612,2.795918367
2.253061224,2.795918367
2.179591837,2.795918367
2.106122449,2.795918367
2.032653061,2.795918367
1.959183673,2.795918367
1.885714286,2.795918367
1.812244898,2.795918367
1.73877551,2.795918367
1.665306122,2.795918367
1.591836735,2.795918367
1.518367347,2.795918367
1.444897959,2.795918367
1.371428571,2.795918367
1.297959184,2.795918367
1.224489796,2.795918367
1.151020408,2.795918367
1.07755102,2.795918367
1.004081633,2.795918367
0.930612245,2.795918367
0.857142857,2.795918367
0.783673469,2.795918367
0.710204082,2.795918367
0.636734694,2.795918367
0.563265306,2.795918367
0.489795918,2.795918367
0.416326531,2.795918367
0.342857143,2.795918367
0.269387755,2.795918367
0.195918367,2.795918367
0.12244898,2.795918367
0.048979592,2.795918367
-0.024489796,2.795918367
-0.097959184,2.795918367
-0.171428571,2.795918367
-0.244897959,2.795918367
-0.318367347,2.795918367
-0.391836735,2.795918367
-0.465306122,2.795918367
-0.53877551,2.795918367
-0.612244898,2.795918367
-0.685714286,2.795918367
-0.759183673,2.795918367
-0.832653061,2.795918367
-0.906122449,2.795918367
-0.979591837,2.795918367
-1.053061224,2.795918367
-1.126530612,2.795918367
-1.2,2.795918367
2.4,2.87755102
2.326530612,2.87755102
2.253061224,2.87755102
2.179591837,2.87755102
2.106122449,2.87755102
2.032653061,2.87755102
1.959183673,2.87755102
1.885714286,2.87755102
1.812244898,2.87755102
1.73877551,2.87755102
1.665306122,2.87755102
1.591836735,2.87755102
1.518367347,2.87755102
1.444897959,2.87755102
1.371428571,2.87755102
1.297959184,2.87755102
1.224489796,2.87755102
1.151020408,2.87755102
1.07755102,2.87755102
1.004081633,2.87755102
0.930612245,2.87755102
0.857142857,2.87755102
0.783673469,2.87755102
0.710204082,2.87755102
0.636734694,2.87755102
0.563265306,2.87755102
0.489795918,2.87755102
0.416326531,2.87755102
0.342857143,2.87755102
0.269387755,2.87755102
0.195918367,2.87755102
0.12244898,2.87755102
0.048979592,2.87755102
-0.024489796,2.87755102
-0.097959184,2.87755102
-0.171428571,2.87755102
-0.244897959,2.87755102
-0.318367347,2.87755102
-0.391836735,2.87755102
-0.465306122,2.87755102
-0.53877551,2.87755102
-0.612244898,2.87755102
-0.685714286,2.87755102
-0.759183673,2.87755102
-0.832653061,2.87755102
-0.906122449,2.87755102
-0.979591837,2.87755102
-1.053061224,2.87755102
-1.126530612,2.87755102
-1.2,2.87755102
2.4,2.959183673
2.326530612,2.959183673
2.253061224,2.959183673
2.179591837,2.959183673
2.106122449,2.959183673
2.032653061,2.959183673
1.959183673,2.959183673
1.885714286,2.959183673
1.812244898,2.959183673
1.73877551,2.959183673
1.665306122,2.959183673
1.591836735,2.959183673
1.518367347,2.959183673
1.444897959,2.959183673
1.371428571,2.959183673
1.297959184,2.959183673
1.224489796,2.959183673
1.151020408,2.959183673
1.07755102,2.959183673
1.004081633,2.959183673
0.930612245,2.959183673
0.857142857,2.959183673
0.783673469,2.959183673
0.710204082,2.959183673
0.636734694,2.959183673
0.563265306,2.959183673
0.489795918,2.959183673
0.416326531,2.959183673
0.342857143,2.959183673
0.269387755,2.959183673
0.195918367,2.959183673
0.12244898,2.959183673
0.048979592,2.959183673
-0.024489796,2.959183673
-0.097959184,2.959183673
-0.171428571,2.959183673
-0.244897959,2.959183673
-0.318367347,2.959183673
-0.391836735,2.959183673
-0.465306122,2.959183673
-0.53877551,2.959183673
-0.612244898,2.959183673
-0.685714286,2.959183673
-0.759183673,2.959183673
-0.832653061,2.959183673
-0.906122449,2.959183673
-0.979591837,2.959183673
-1.053061224,2.959183673
-1.126530612,2.959183673
-1.2,2.959183673
2.4,3.040816327
2.326530612,3.040816327
2.253061224,3.040816327
2.179591837,3.040816327
2.106122449,3.040816327
2.032653061,3.040816327
1.959183673,3.040816327
1.885714286,3.040816327
1.812244898,3.040816327
1.73877551,3.040816327
1.665306122,3.040816327
1.591836735,3.040816327
1.518367347,3.040816327
1.444897959,3.040816327
1.371428571,3.040816327
1.297959184,3.040816327
1.224489796,3.040816327
1.151020408,3.040816327
1.07755102,3.040816327
1.004081633,3.040816327
0.930612245,3.040816327
0.857142857,3.040816327
0.783673469,3.040816327
0.710204082,3.040816327
0.636734694,3.040816327
0.563265306,3.040816327
0.489795918,3.040816327
0.416326531,3.040816327
0.342857143,3.040816327
0.269387755,3.040816327
0.195918367,3.040816327
0.12244898,3.040816327
0.048979592,3.040816327
-0.024489796,3.040816327
-0.097959184,3.040816327
-0.171428571,3.040816327
-0.244897959,3.040816327
-0.318367347,3.040816327
-0.391836735,3.040816327
-0.465306122,3.040816327
-0.53877551,3.040816327
-0.612244898,3.040816327
-0.685714286,3.040816327
-0.759183673,3.040816327
-0.832653061,3.040816327
-0.906122449,3.040816327
-0.979591837,3.040816327
-1.053061224,3.040816327
-1.126530612,3.040816327
-1.2,3.040816327
2.4,3.12244898
2.326530612,3.12244898
2.253061224,3.12244898
2.179591837,3.12244898
2.106122449,3.12244898
2.032653061,3.12244898
1.959183673,3.12244898
1.885714286,3.12244898
1.812244898,3.12244898
1.73877551,3.12244898
1.665306122,3.12244898
1.591836735,3.12244898
1.518367347,3.12244898
1.444897959,3.12244898
1.371428571,3.12244898
1.297959184,3.12244898
1.224489796,3.12244898
1.151020408,3.12244898
1.07755102,3.12244898
1.004081633,3.12244898
0.930612245,3.12244898
0.857142857,3.12244898
0.783673469,3.12244898
0.710204082,3.12244898
0.636734694,3.12244898
0.563265306,3.12244898
0.489795918,3.12244898
0.416326531,3.12244898
0.342857143,3.12244898
0.269387755,3.12244898
0.195918367,3.12244898
0.12244898,3.12244898
0.048979592,3.12244898
-0.024489796,3.12244898
-0.097959184,3.12244898
-0.171428571,3.12244898
-0.244897959,3.12244898
-0.318367347,3.12244898
-0.391836735,3.12244898
-0.465306122,3.12244898
-0.53877551,3.12244898
-0.612244898,3.12244898
-0.685714286,3.12244898
-0.759183673,3.12244898
-0.832653061,3.12244898
-0.906122449,3.12244898
-0.979591837,3.12244898
-1.053061224,3.12244898
-1.126530612,3.12244898
-1.2,3.12244898
2.4,3.204081633
2.326530612,3.204081633
2.253061224,3.204081633
2.179591837,3.204081633
2.106122449,3.204081633
2.032653061,3.204081633
1.959183673,3.204081633
1.885714286,3.204081633
1.812244898,3.204081633
1.73877551,3.204081633
1.665306122,3.204081633
1.591836735,3.204081633
1.518367347,3.204081633
1.444897959,3.204081633
1.371428571,3.204081633
1.297959184,3.204081633
1.224489796,3.204081633
1.151020408,3.204081633
1.07755102,3.204081633
1.004081633,3.204081633
0.930612245,3.204081633
0.857142857,3.204081633
0.783673469,3.204081633
0.710204082,3.204081633
0.636734694,3.204081633
0.563265306,3.204081633
0.489795918,3.204081633
0.416326531,3.204081633
0.342857143,3.204081633
0.269387755,3.204081633
0.195918367,3.204081633
0.12244898,3.204081633
0.048979592,3.204081633
-0.024489796,3.204081633
-0.097959184,3.204081633
-0.171428571,3.204081633
-0.244897959,3.204081633
-0.318367347,3.204081633
-0.391836735,3.204081633
-0.465306122,3.204081633
-0.53877551,3.204081633
-0.612244898,3.204081633
-0.685714286,3.204081633
-0.759183673,3.204081633
-0.832653061,3.204081633
-0.906122449,3.204081633
-0.979591837,3.204081633
-1.053061224,3.204081633
-1.126530612,3.204081633
-1.2,3.204081633
2.4,3.285714286
2.326530612,3.285714286
2.253061224,3.285714286
2.179591837,3.285714286
2.106122449,3.285714286
2.032653061,3.285714286
1.959183673,3.285714286
1.885714286,3.285714286
1.812244898,3.285714286
1.73877551,3.285714286
1.665306122,3.285714286
1.591836735,3.285714286
1.518367347,3.285714286
1.444897959,3.285714286
1.371428571,3.285714286
1.297959184,3.285714286
1.224489796,3.285714286
1.151020408,3.285714286
1.07755102,3.285714286
1.004081633,3.285714286
0.930612245,3.285714286
0.857142857,3.285714286
0.783673469,3.285714286
0.710204082,3.285714286
0.636734694,3.285714286
0.563265306,3.285714286
0.489795918,3.285714286
0.416326531,3.285714286
0.342857143,3.285714286
0.269387755,3.285714286
0.195918367,3.285714286
0.12244898,3.285714286
0.048979592,3.285714286
-0.024489796,3.285714286
-0.097959184,3.285714286
-0.171428571,3.285714286
-0.244897959,3.285714286
-0.318367347,3.285714286
-0.391836735,3.285714286
-0.465306122,3.285714286
-0.53877551,3.285714286
-0.612244898,3.285714286
-0.685714286,3.285714286
-0.759183673,3.285714286
-0.832653061,3.285714286
-0.906122449,3.285714286
-0.979591837,3.285714286
-1.053061224,3.285714286
-1.126530612,3.285714286
-1.2,3.285714286
2.4,3.367346939
2.326530612,3.367346939
2.253061224,3.367346939
2.179591837,3.367346939
2.106122449,3.367346939
2.032653061,3.367346939
1.959183673,3.367346939
1.885714286,3.367346939
1.812244898,3.367346939
1.73877551,3.367346939
1.665306122,3.367346939
1.591836735,3.367346939
1.518367347,3.367346939
1.444897959,3.367346939
1.371428571,3.367346939
1.297959184,3.367346939
1.224489796,3.367346939
1.151020408,3.367346939
1.07755102,3.367346939
1.004081633,3.367346939
0.930612245,3.367346939
0.857142857,3.367346939
0.783673469,3.367346939
0.710204082,3.367346939
0.636734694,3.367346939
0.563265306,3.367346939
0.489795918,3.367346939
0.416326531,3.367346939
0.342857143,3.367346939
0.269387755,3.367346939
0.195918367,3.367346939
0.12244898,3.367346939
0.048979592,3.367346939
-0.024489796,3.367346939
-0.097959184,3.367346939
-0.171428571,3.367346939
-0.244897959,3.367346939
-0.318367347,3.367346939
-0.391836735,3.367346939
-0.465306122,3.367346939
-0.53877551,3.367346939
-0.612244898,3.367346939
-0.685714286,3.367346939
-0.759183673,3.367346939
-0.832653061,3.367346939
-0.906122449,3.367346939
-0.979591837,3.367346939
-1.053061224,3.367346939
-1.126530612,3.367346939
-1.2,3.367346939
2.4,3.448979592
2.326530612,3.448979592
2.253061224,3.448979592
2.179591837,3.448979592
2.106122449,3.448979592
2.032653061,3.448979592
1.959183673,3.448979592
1.885714286,3.448979592
1.812244898,3.448979592
1.73877551,3.448979592
1.665306122,3.448979592
1.591836735,3.448979592
1.518367347,3.448979592
1.444897959,3.448979592
1.371428571,3.448979592
1.297959184,3.448979592
1.224489796,3.448979592
1.151020408,3.448979592
1.07755102,3.448979592
1.004081633,3.448979592
0.930612245,3.448979592
0.857142857,3.448979592
0.783673469,3.448979592
0.710204082,3.448979592
0.636734694,3.448979592
0.563265306,3.448979592
0.489795918,3.448979592
0.416326531,3.448979592
0.342857143,3.448979592
0.269387755,3.448979592
0.195918367,3.448979592
0.12244898,3.448979592
0.048979592,3.448979592
-0.024489796,3.448979592
-0.097959184,3.448979592
-0.171428571,3.448979592
-0.244897959,3.448979592
-0.318367347,3.448979592
-0.391836735,3.448979592
-0.465306122,3.448979592
-0.53877551,3.448979592
-0.612244898,3.448979592
-0.685714286,3.448979592
-0.759183673,3.448979592
-0.832653061,3.448979592
-0.906122449,3.448979592
-0.979591837,3.448979592
-1.053061224,3.448979592
-1.126530612,3.448979592
-1.2,3.448979592
2.4,3.530612245
2.326530612,3.530612245
2.253061224,3.530612245
2.179591837,3.530612245
2.106122449,3.530612245
2.032653061,3.530612245
1.959183673,3.530612245
1.885714286,3.530612245
1.812244898,3.530612245
1.73877551,3.530612245
1.665306122,3.530612245
1.591836735,3.530612245
1.518367347,3.530612245
1.444897959,3.530612245
1.371428571,3.530612245
1.297959184,3.530612245
1.224489796,3.530612245
1.151020408,3.530612245
1.07755102,3.530612245
1.004081633,3.530612245
0.930612245,3.530612245
0.857142857,3.530612245
0.783673469,3.530612245
0.710204082,3.530612245
0.636734694,3.530612245
0.563265306,3.530612245
0.489795918,3.530612245
0.416326531,3.530612245
0.342857143,3.530612245
0.269387755,3.530612245
0.195918367,3.530612245
0.12244898,3.530612245
0.048979592,3.530612245
-0.024489796,3.530612245
-0.097959184,3.530612245
-0.171428571,3.530612245
-0.244897959,3.530612245
-0.318367347,3.530612245
-0.391836735,3.530612245
-0.465306122,3.530612245
-0.53877551,3.530612245
-0.612244898,3.530612245
-0.685714286,3.530612245
-0.759183673,3.530612245
-0.832653061,3.530612245
-0.906122449,3.530612245
-0.979591837,3.530612245
-1.053061224,3.530612245
-1.126530612,3.530612245
-1.2,3.530612245
2.4,3.612244898
2.326530612,3.612244898
2.253061224,3.612244898
2.179591837,3.612244898
2.106122449,3.612244898
2.032653061,3.612244898
1.959183673,3.612244898
1.885714286,3.612244898
1.812244898,3.612244898
1.73877551,3.612244898
1.665306122,3.612244898
1.591836735,3.612244898
1.518367347,3.612244898
1.444897959,3.612244898
1.371428571,3.612244898
1.297959184,3.612244898
1.224489796,3.612244898
1.151020408,3.612244898
1.07755102,3.612244898
1.004081633,3.612244898
0.930612245,3.612244898
0.857142857,3.612244898
0.783673469,3.612244898
0.710204082,3.612244898
0.636734694,3.612244898
0.563265306,3.612244898
0.489795918,3.612244898
0.416326531,3.612244898
0.342857143,3.612244898
0.269387755,3.612244898
0.195918367,3.612244898
0.12244898,3.612244898
0.048979592,3.612244898
-0.024489796,3.612244898
-0.097959184,3.612244898
-0.171428571,3.612244898
-0.244897959,3.612244898
-0.318367347,3.612244898
-0.391836735,3.612244898
-0.465306122,3.612244898
-0.53877551,3.612244898
-0.612244898,3.612244898
-0.685714286,3.612244898
-0.759183673,3.612244898
-0.832653061,3.612244898
-0.906122449,3.612244898
-0.979591837,3.612244898
-1.053061224,3.612244898
-1.126530612,3.612244898
-1.2,3.612244898
2.4,3.693877551
2.326530612,3.693877551
2.253061224,3.693877551
2.179591837,3.693877551
2.106122449,3.693877551
2.032653061,3.693877551
1.959183673,3.693877551
1.885714286,3.693877551
1.812244898,3.693877551
1.73877551,3.693877551
1.665306122,3.693877551
1.591836735,3.693877551
1.518367347,3.693877551
1.444897959,3.693877551
1.371428571,3.693877551
1.297959184,3.693877551
1.224489796,3.693877551
1.151020408,3.693877551
1.07755102,3.693877551
1.004081633,3.693877551
0.930612245,3.693877551
0.857142857,3.693877551
0.783673469,3.693877551
0.710204082,3.693877551
0.636734694,3.693877551
0.563265306,3.693877551
0.489795918,3.693877551
0.416326531,3.693877551
0.342857143,3.693877551
0.269387755,3.693877551
0.195918367,3.693877551
0.12244898,3.693877551
0.048979592,3.693877551
-0.024489796,3.693877551
-0.097959184,3.693877551
-0.171428571,3.693877551
-0.244897959,3.693877551
-0.318367347,3.693877551
-0.391836735,3.693877551
-0.465306122,3.693877551
-0.53877551,3.693877551
-0.612244898,3.693877551
-0.685714286,3.693877551
-0.759183673,3.693877551
-0.832653061,3.693877551
-0.906122449,3.693877551
-0.979591837,3.693877551
-1.053061224,3.693877551
-1.126530612,3.693877551
-1.2,3.693877551
2.4,3.775510204
2.326530612,3.775510204
2.253061224,3.775510204
2.179591837,3.775510204
2.106122449,3.775510204
2.032653061,3.775510204
1.959183673,3.775510204
1.885714286,3.775510204
1.812244898,3.775510204
1.73877551,3.775510204
1.665306122,3.775510204
1.591836735,3.775510204
1.518367347,3.775510204
1.444897959,3.775510204
1.371428571,3.775510204
1.297959184,3.775510204
1.224489796,3.775510204
1.151020408,3.775510204
1.07755102,3.775510204
1.004081633,3.775510204
0.930612245,3.775510204
0.857142857,3.775510204
0.783673469,3.775510204
0.710204082,3.775510204
0.636734694,3.775510204
0.563265306,3.775510204
0.489795918,3.775510204
0.416326531,3.775510204
0.342857143,3.775510204
0.269387755,3.775510204
0.195918367,3.775510204
0.12244898,3.775510204
0.048979592,3.775510204
-0.024489796,3.775510204
-0.097959184,3.775510204
-0.171428571,3.775510204
-0.244897959,3.775510204
-0.318367347,3.775510204
-0.391836735,3.775510204
-0.465306122,3.775510204
-0.53877551,3.775510204
-0.612244898,3.775510204
-0.685714286,3.775510204
-0.759183673,3.775510204
-0.832653061,3.775510204
-0.906122449,3.775510204
-0.979591837,3.775510204
-1.053061224,3.775510204
-1.126530612,3.775510204
-1.2,3.775510204
2.4,3.857142857
2.326530612,3.857142857
2.253061224,3.857142857
2.179591837,3.857142857
2.106122449,3.857142857
2.032653061,3.857142857
1.959183673,3.857142857
1.885714286,3.857142857
1.812244898,3.857142857
1.73877551,3.857142857
1.665306122,3.857142857
1.591836735,3.857142857
1.518367347,3.857142857
1.444897959,3.857142857
1.371428571,3.857142857
1.297959184,3.857142857
1.224489796,3.857142857
1.151020408,3.857142857
1.07755102,3.857142857
1.004081633,3.857142857
0.930612245,3.857142857
0.857142857,3.857142857
0.783673469,3.857142857
0.710204082,3.857142857
0.636734694,3.857142857
0.563265306,3.857142857
0.489795918,3.857142857
0.416326531,3.857142857
0.342857143,3.857142857
0.269387755,3.857142857
0.195918367,3.857142857
0.12244898,3.857142857
0.048979592,3.857142857
-0.024489796,3.857142857
-0.097959184,3.857142857
-0.171428571,3.857142857
-0.244897959,3.857142857
-0.318367347,3.857142857
-0.391836735,3.857142857
-0.465306122,3.857142857
-0.53877551,3.857142857
-0.612244898,3.857142857
-0.685714286,3.857142857
-0.759183673,3.857142857
-0.832653061,3.857142857
-0.906122449,3.857142857
-0.979591837,3.857142857
-1.053061224,3.857142857
-1.126530612,3.857142857
-1.2,3.857142857
2.4,3.93877551
2.326530612,3.93877551
2.253061224,3.93877551
2.179591837,3.93877551
2.106122449,3.93877551
2.032653061,3.93877551
1.959183673,3.93877551
1.885714286,3.93877551
1.812244898,3.93877551
1.73877551,3.93877551
1.665306122,3.93877551
1.591836735,3.93877551
1.518367347,3.93877551
1.444897959,3.93877551
1.371428571,3.93877551
1.297959184,3.93877551
1.224489796,3.93877551
1.151020408,3.93877551
1.07755102,3.93877551
1.004081633,3.93877551
0.930612245,3.93877551
0.857142857,3.93877551
0.783673469,3.93877551
0.710204082,3.93877551
0.636734694,3.93877551
0.563265306,3.93877551
0.489795918,3.93877551
0.416326531,3.93877551
0.342857143,3.93877551
0.269387755,3.93877551
0.195918367,3.93877551
0.12244898,3.93877551
0.048979592,3.93877551
-0.024489796,3.93877551
-0.097959184,3.93877551
-0.171428571,3.93877551
-0.244897959,3.93877551
-0.318367347,3.93877551
-0.391836735,3.93877551
-0.465306122,3.93877551
-0.53877551,3.93877551
-0.612244898,3.93877551
-0.685714286,3.93877551
-0.759183673,3.93877551
-0.832653061,3.93877551
-0.906122449,3.93877551
-0.979591837,3.93877551
-1.053061224,3.93877551
-1.126530612,3.93877551
-1.2,3.93877551
2.4,4.020408163
2.326530612,4.020408163
2.253061224,4.020408163
2.179591837,4.020408163
2.106122449,4.020408163
2.032653061,4.020408163
1.959183673,4.020408163
1.885714286,4.020408163
1.812244898,4.020408163
1.73877551,4.020408163
1.665306122,4.020408163
1.591836735,4.020408163
1.518367347,4.020408163
1.444897959,4.020408163
1.371428571,4.020408163
1.297959184,4.020408163
1.224489796,4.020408163
1.151020408,4.020408163
1.07755102,4.020408163
1.004081633,4.020408163
0.930612245,4.020408163
0.857142857,4.020408163
0.783673469,4.020408163
0.710204082,4.020408163
0.636734694,4.020408163
0.563265306,4.020408163
0.489795918,4.020408163
0.416326531,4.020408163
0.342857143,4.020408163
0.269387755,4.020408163
0.195918367,4.020408163
0.12244898,4.020408163
0.048979592,4.020408163
-0.024489796,4.020408163
-0.097959184,4.020408163
-0.171428571,4.020408163
-0.244897959,4.020408163
-0.318367347,4.020408163
-0.391836735,4.020408163
-0.465306122,4.020408163
-0.53877551,4.020408163
-0.612244898,4.020408163
-0.685714286,4.020408163
-0.759183673,4.020408163
-0.832653061,4.020408163
-0.906122449,4.020408163
-0.979591837,4.020408163
-1.053061224,4.020408163
-1.126530612,4.020408163
-1.2,4.020408163
2.4,4.102040816
2.326530612,4.102040816
2.253061224,4.102040816
2.179591837,4.102040816
2.106122449,4.102040816
2.032653061,4.102040816
1.959183673,4.102040816
1.885714286,4.102040816
1.812244898,4.102040816
1.73877551,4.102040816
1.665306122,4.102040816
1.591836735,4.102040816
1.518367347,4.102040816
1.444897959,4.102040816
1.371428571,4.102040816
1.297959184,4.102040816
1.224489796,4.102040816
1.151020408,4.102040816
1.07755102,4.102040816
1.004081633,4.102040816
0.930612245,4.102040816
0.857142857,4.102040816
0.783673469,4.102040816
0.710204082,4.102040816
0.636734694,4.102040816
0.563265306,4.102040816
0.489795918,4.102040816
0.416326531,4.102040816
0.342857143,4.102040816
0.269387755,4.102040816
0.195918367,4.102040816
0.12244898,4.102040816
0.048979592,4.102040816
-0.024489796,4.102040816
-0.097959184,4.102040816
-0.171428571,4.102040816
-0.244897959,4.102040816
-0.318367347,4.102040816
-0.391836735,4.102040816
-0.465306122,4.102040816
-0.53877551,4.102040816
-0.612244898,4.102040816
-0.685714286,4.102040816
-0.759183673,4.102040816
-0.832653061,4.102040816
-0.906122449,4.102040816
-0.979591837,4.102040816
-1.053061224,4.102040816
-1.126530612,4.102040816
-1.2,4.102040816
2.4,4.183673469
2.326530612,4.183673469
2.253061224,4.183673469
2.179591837,4.183673469
2.106122449,4.183673469
2.032653061,4.183673469
1.959183673,4.183673469
1.885714286,4.183673469
1.812244898,4.183673469
1.73877551,4.183673469
1.665306122,4.183673469
1.591836735,4.183673469
1.518367347,4.183673469
1.444897959,4.183673469
1.371428571,4.183673469
1.297959184,4.183673469
1.224489796,4.183673469
1.151020408,4.183673469
1.07755102,4.183673469
1.004081633,4.183673469
0.930612245,4.183673469
0.857142857,4.183673469
0.783673469,4.183673469
0.710204082,4.183673469
0.636734694,4.183673469
0.563265306,4.183673469
0.489795918,4.183673469
0.416326531,4.183673469
0.342857143,4.183673469
0.269387755,4.183673469
0.195918367,4.183673469
0.12244898,4.183673469
0.048979592,4.183673469
-0.024489796,4.183673469
-0.097959184,4.183673469
-0.171428571,4.183673469
-0.244897959,4.183673469
-0.318367347,4.183673469
-0.391836735,4.183673469
-0.465306122,4.183673469
-0.53877551,4.183673469
-0.612244898,4.183673469
-0.685714286,4.183673469
-0.759183673,4.183673469
-0.832653061,4.183673469
-0.906122449,4.183673469
-0.979591837,4.183673469
-1.053061224,4.183673469
-1.126530612,4.183673469
-1.2,4.183673469
2.4,4.265306122
2.326530612,4.265306122
2.253061224,4.265306122
2.179591837,4.265306122
2.106122449,4.265306122
2.032653061,4.265306122
1.959183673,4.265306122
1.885714286,4.265306122
1.812244898,4.265306122
1.73877551,4.265306122
1.665306122,4.265306122
1.591836735,4.265306122
1.518367347,4.265306122
1.444897959,4.265306122
1.371428571,4.265306122
1.297959184,4.265306122
1.224489796,4.265306122
1.151020408,4.265306122
1.07755102,4.265306122
1.004081633,4.265306122
0.930612245,4.265306122
0.857142857,4.265306122
0.783673469,4.265306122
0.710204082,4.265306122
0.636734694,4.265306122
0.563265306,4.265306122
0.489795918,4.265306122
0.416326531,4.265306122
0.342857143,4.265306122
0.269387755,4.265306122
0.195918367,4.265306122
0.12244898,4.265306122
0.048979592,4.265306122
-0.024489796,4.265306122
-0.097959184,4.265306122
-0.171428571,4.265306122
-0.244897959,4.265306122
-0.318367347,4.265306122
-0.391836735,4.265306122
-0.465306122,4.265306122
-0.53877551,4.265306122
-0.612244898,4.265306122
-0.685714286,4.265306122
-0.759183673,4.265306122
-0.832653061,4.265306122
-0.906122449,4.265306122
-0.979591837,4.265306122
-1.053061224,4.265306122
-1.126530612,4.265306122
-1.2,4.265306122
2.4,4.346938776
2.326530612,4.346938776
2.253061224,4.346938776
2.179591837,4.346938776
2.106122449,4.346938776
2.032653061,4.346938776
1.959183673,4.346938776
1.885714286,4.346938776
1.812244898,4.346938776
1.73877551,4.346938776
1.665306122,4.346938776
1.591836735,4.346938776
1.518367347,4.346938776
1.444897959,4.346938776
1.371428571,4.346938776
1.297959184,4.346938776
1.224489796,4.346938776
1.151020408,4.346938776
1.07755102,4.346938776
1.004081633,4.346938776
0.930612245,4.346938776
0.857142857,4.346938776
0.783673469,4.346938776
0.710204082,4.346938776
0.636734694,4.346938776
0.563265306,4.346938776
0.489795918,4.346938776
0.416326531,4.346938776
0.342857143,4.346938776
0.269387755,4.346938776
0.195918367,4.346938776
0.12244898,4.346938776
0.048979592,4.346938776
-0.024489796,4.346938776
-0.097959184,4.346938776
-0.171428571,4.346938776
-0.244897959,4.346938776
-0.318367347,4.346938776
-0.391836735,4.346938776
-0.465306122,4.346938776
-0.53877551,4.346938776
-0.612244898,4.346938776
-0.685714286,4.346938776
-0.759183673,4.346938776
-0.832653061,4.346938776
-0.906122449,4.346938776
-0.979591837,4.346938776
-1.053061224,4.346938776
-1.126530612,4.346938776
-1.2,4.346938776
2.4,4.428571429
2.326530612,4.428571429
2.253061224,4.428571429
2.179591837,4.428571429
2.106122449,4.428571429
2.032653061,4.428571429
1.959183673,4.428571429
1.885714286,4.428571429
1.812244898,4.428571429
1.73877551,4.428571429
1.665306122,4.428571429
1.591836735,4.428571429
1.518367347,4.428571429
1.444897959,4.428571429
1.371428571,4.428571429
1.297959184,4.428571429
1.224489796,4.428571429
1.151020408,4.428571429
1.07755102,4.428571429
1.004081633,4.428571429
0.930612245,4.428571429
0.857142857,4.428571429
0.783673469,4.428571429
0.710204082,4.428571429
0.636734694,4.428571429
0.563265306,4.428571429
0.489795918,4.428571429
0.416326531,4.428571429
0.342857143,4.428571429
0.269387755,4.428571429
0.195918367,4.428571429
0.12244898,4.428571429
0.048979592,4.428571429
-0.024489796,4.428571429
-0.097959184,4.428571429
-0.171428571,4.428571429
-0.244897959,4.428571429
-0.318367347,4.428571429
-0.391836735,4.428571429
-0.465306122,4.428571429
-0.53877551,4.428571429
-0.612244898,4.428571429
-0.685714286,4.428571429
-0.759183673,4.428571429
-0.832653061,4.428571429
-0.906122449,4.428571429
-0.979591837,4.428571429
-1.053061224,4.428571429
-1.126530612,4.428571429
-1.2,4.428571429
2.4,4.510204082
2.326530612,4.510204082
2.253061224,4.510204082
2.179591837,4.510204082
2.106122449,4.510204082
2.032653061,4.510204082
1.959183673,4.510204082
1.885714286,4.510204082
1.812244898,4.510204082
1.73877551,4.510204082
1.665306122,4.510204082
1.591836735,4.510204082
1.518367347,4.510204082
1.444897959,4.510204082
1.371428571,4.510204082
1.297959184,4.510204082
1.224489796,4.510204082
1.151020408,4.510204082
1.07755102,4.510204082
1.004081633,4.510204082
0.930612245,4.510204082
0.857142857,4.510204082
0.783673469,4.510204082
0.710204082,4.510204082
0.636734694,4.510204082
0.563265306,4.510204082
0.489795918,4.510204082
0.416326531,4.510204082
0.342857143,4.510204082
0.269387755,4.510204082
0.195918367,4.510204082
0.12244898,4.510204082
0.048979592,4.510204082
-0.024489796,4.510204082
-0.097959184,4.510204082
-0.171428571,4.510204082
-0.244897959,4.510204082
-0.318367347,4.510204082
-0.391836735,4.510204082
-0.465306122,4.510204082
-0.53877551,4.510204082
-0.612244898,4.510204082
-0.685714286,4.510204082
-0.759183673,4.510204082
-0.832653061,4.510204082
-0.906122449,4.510204082
-0.979591837,4.510204082
-1.053061224,4.510204082
-1.126530612,4.510204082
-1.2,4.510204082
2.4,4.591836735
2.326530612,4.591836735
2.253061224,4.591836735
2.179591837,4.591836735
2.106122449,4.591836735
2.032653061,4.591836735
1.959183673,4.591836735
1.885714286,4.591836735
1.812244898,4.591836735
1.73877551,4.591836735
1.665306122,4.591836735
1.591836735,4.591836735
1.518367347,4.591836735
1.444897959,4.591836735
1.371428571,4.591836735
1.297959184,4.591836735
1.224489796,4.591836735
1.151020408,4.591836735
1.07755102,4.591836735
1.004081633,4.591836735
0.930612245,4.591836735
0.857142857,4.591836735
0.783673469,4.591836735
0.710204082,4.591836735
0.636734694,4.591836735
0.563265306,4.591836735
0.489795918,4.591836735
0.416326531,4.591836735
0.342857143,4.591836735
0.269387755,4.591836735
0.195918367,4.591836735
0.12244898,4.591836735
0.048979592,4.591836735
-0.024489796,4.591836735
-0.097959184,4.591836735
-0.171428571,4.591836735
-0.244897959,4.591836735
-0.318367347,4.591836735
-0.391836735,4.591836735
-0.465306122,4.591836735
-0.53877551,4.591836735
-0.612244898,4.591836735
-0.685714286,4.591836735
-0.759183673,4.591836735
-0.832653061,4.591836735
-0.906122449,4.591836735
-0.979591837,4.591836735
-1.053061224,4.591836735
-1.126530612,4.591836735
-1.2,4.591836735
2.4,4.673469388
2.326530612,4.673469388
2.253061224,4.673469388
2.179591837,4.673469388
2.106122449,4.673469388
2.032653061,4.673469388
1.959183673,4.673469388
1.885714286,4.673469388
1.812244898,4.673469388
1.73877551,4.673469388
1.665306122,4.673469388
1.591836735,4.673469388
1.518367347,4.673469388
1.444897959,4.673469388
1.371428571,4.673469388
1.297959184,4.673469388
1.224489796,4.673469388
1.151020408,4.673469388
1.07755102,4.673469388
1.004081633,4.673469388
0.930612245,4.673469388
0.857142857,4.673469388
0.783673469,4.673469388
0.710204082,4.673469388
0.636734694,4.673469388
0.563265306,4.673469388
0.489795918,4.673469388
0.416326531,4.673469388
0.342857143,4.673469388
0.269387755,4.673469388
0.195918367,4.673469388
0.12244898,4.673469388
0.048979592,4.673469388
-0.024489796,4.673469388
-0.097959184,4.673469388
-0.171428571,4.673469388
-0.244897959,4.673469388
-0.318367347,4.673469388
-0.391836735,4.673469388
-0.465306122,4.673469388
-0.53877551,4.673469388
-0.612244898,4.673469388
-0.685714286,4.673469388
-0.759183673,4.673469388
-0.832653061,4.673469388
-0.906122449,4.673469388
-0.979591837,4.673469388
-1.053061224,4.673469388
-1.126530612,4.673469388
-1.2,4.673469388
2.4,4.755102041
2.326530612,4.755102041
2.253061224,4.755102041
2.179591837,4.755102041
2.106122449,4.755102041
2.032653061,4.755102041
1.959183673,4.755102041
1.885714286,4.755102041
1.812244898,4.755102041
1.73877551,4.755102041
1.665306122,4.755102041
1.591836735,4.755102041
1.518367347,4.755102041
1.444897959,4.755102041
1.371428571,4.755102041
1.297959184,4.755102041
1.224489796,4.755102041
1.151020408,4.755102041
1.07755102,4.755102041
1.004081633,4.755102041
0.930612245,4.755102041
0.857142857,4.755102041
0.783673469,4.755102041
0.710204082,4.755102041
0.636734694,4.755102041
0.563265306,4.755102041
0.489795918,4.755102041
0.416326531,4.755102041
0.342857143,4.755102041
0.269387755,4.755102041
0.195918367,4.755102041
0.12244898,4.755102041
0.048979592,4.755102041
-0.024489796,4.755102041
-0.097959184,4.755102041
-0.171428571,4.755102041
-0.244897959,4.755102041
-0.318367347,4.755102041
-0.391836735,4.755102041
-0.465306122,4.755102041
-0.53877551,4.755102041
-0.612244898,4.755102041
-0.685714286,4.755102041
-0.759183673,4.755102041
-0.832653061,4.755102041
-0.906122449,4.755102041
-0.979591837,4.755102041
-1.053061224,4.755102041
-1.126530612,4.755102041
-1.2,4.755102041
2.4,4.836734694
2.326530612,4.836734694
2.253061224,4.836734694
2.179591837,4.836734694
2.106122449,4.836734694
2.032653061,4.836734694
1.959183673,4.836734694
1.885714286,4.836734694
1.812244898,4.836734694
1.73877551,4.836734694
1.665306122,4.836734694
1.591836735,4.836734694
1.518367347,4.836734694
1.444897959,4.836734694
1.371428571,4.836734694
1.297959184,4.836734694
1.224489796,4.836734694
1.151020408,4.836734694
1.07755102,4.836734694
1.004081633,4.836734694
0.930612245,4.836734694
0.857142857,4.836734694
0.783673469,4.836734694
0.710204082,4.836734694
0.636734694,4.836734694
0.563265306,4.836734694
0.489795918,4.836734694
0.416326531,4.836734694
0.342857143,4.836734694
0.269387755,4.836734694
0.195918367,4.836734694
0.12244898,4.836734694
0.048979592,4.836734694
-0.024489796,4.836734694
-0.097959184,4.836734694
-0.171428571,4.836734694
-0.244897959,4.836734694
-0.318367347,4.836734694
-0.391836735,4.836734694
-0.465306122,4.836734694
-0.53877551,4.836734694
-0.612244898,4.836734694
-0.685714286,4.836734694
-0.759183673,4.836734694
-0.832653061,4.836734694
-0.906122449,4.836734694
-0.979591837,4.836734694
-1.053061224,4.836734694
-1.126530612,4.836734694
-1.2,4.836734694
2.4,4.918367347
2.326530612,4.918367347
2.253061224,4.918367347
2.179591837,4.918367347
2.106122449,4.918367347
2.032653061,4.918367347
1.959183673,4.918367347
1.885714286,4.918367347
1.812244898,4.918367347
1.73877551,4.918367347
1.665306122,4.918367347
1.591836735,4.918367347
1.518367347,4.918367347
1.444897959,4.918367347
1.371428571,4.918367347
1.297959184,4.918367347
1.224489796,4.918367347
1.151020408,4.918367347
1.07755102,4.918367347
1.004081633,4.918367347
0.930612245,4.918367347
0.857142857,4.918367347
0.783673469,4.918367347
0.710204082,4.918367347
0.636734694,4.918367347
0.563265306,4.918367347
0.489795918,4.918367347
0.416326531,4.918367347
0.342857143,4.918367347
0.269387755,4.918367347
0.195918367,4.918367347
0.12244898,4.918367347
0.048979592,4.918367347
-0.024489796,4.918367347
-0.097959184,4.918367347
-0.171428571,4.918367347
-0.244897959,4.918367347
-0.318367347,4.918367347
-0.391836735,4.918367347
-0.465306122,4.918367347
-0.53877551,4.918367347
-0.612244898,4.918367347
-0.685714286,4.918367347
-0.759183673,4.918367347
-0.832653061,4.918367347
-0.906122449,4.918367347
-0.979591837,4.918367347
-1.053061224,4.918367347
-1.126530612,4.918367347
-1.2,4.918367347
2.4,5
2.326530612,5
2.253061224,5
2.179591837,5
2.106122449,5
2.032653061,5
1.959183673,5
1.885714286,5
1.812244898,5
1.73877551,5
1.665306122,5
1.591836735,5
1.518367347,5
1.444897959,5
1.371428571,5
1.297959184,5
1.224489796,5
1.151020408,5
1.07755102,5
1.004081633,5
0.930612245,5
0.857142857,5
0.783673469,5
0.710204082,5
0.636734694,5
0.563265306,5
0.489795918,5
0.416326531,5
0.342857143,5
0.269387755,5
0.195918367,5
0.12244898,5
0.048979592,5
-0.024489796,5
-0.097959184,5
-0.171428571,5
-0.244897959,5
-0.318367347,5
-0.391836735,5
-0.465306122,5
-0.53877551,5
-0.612244898,5
-0.685714286,5
-0.759183673,5
-0.832653061,5
-0.906122449,5
-0.979591837,5
-1.053061224,5
-1.126530612,5
-1.2,5
