R,L
10,1
52.65306122,1
95.30612244,1
137.9591837,1
180.6122449,1
223.2653061,1
265.9183673,1
308.5714285,1
351.2244898,1
393.877551,1
436.5306122,1
479.1836734,1
521.8367346,1
564.4897959,1
607.1428571,1
649.7959183,1
692.4489795,1
735.1020407,1
777.755102,1
820.4081632,1
863.0612244,1
905.7142856,1
948.3673468,1
991.0204081,1
1033.673469,1
1076.326531,1
1118.979592,1
1161.632653,1
1204.285714,1
1246.938775,1
1289.591837,1
1332.244898,1
1374.897959,1
1417.55102,1
1460.204081,1
1502.857143,1
1545.510204,1
1588.163265,1
1630.816326,1
1673.469388,1
1716.122449,1
1758.77551,1
1801.428571,1
1844.081632,1
1886.734694,1
1929.387755,1
1972.040816,1
2014.693877,1
2057.346939,1
2100,1
10,1.081632653
52.65306122,1.081632653
95.30612244,1.081632653
137.9591837,1.081632653
180.6122449,1.081632653
223.2653061,1.081632653
265.9183673,1.081632653
308.5714285,1.081632653
351.2244898,1.081632653
393.877551,1.081632653
436.5306122,1.081632653
479.1836734,1.081632653
521.8367346,1.081632653
564.4897959,1.081632653
607.1428571,1.081632653
649.7959183,1.081632653
692.4489795,1.081632653
735.1020407,1.081632653
777.755102,1.081632653
820.4081632,1.081632653
863.0612244,1.081632653
905.7142856,1.081632653
948.3673468,1.081632653
991.0204081,1.081632653
1033.673469,1.081632653
1076.326531,1.081632653
1118.979592,1.081632653
1161.632653,1.081632653
1204.285714,1.081632653
1246.938775,1.081632653
1289.591837,1.081632653
1332.244898,1.081632653
1374.897959,1.081632653
1417.55102,1.081632653
1460.204081,1.081632653
1502.857143,1.081632653
1545.510204,1.081632653
1588.163265,1.081632653
1630.816326,1.081632653
1673.469388,1.081632653
1716.122449,1.081632653
1758.77551,1.081632653
1801.428571,1.081632653
1844.081632,1.081632653
1886.734694,1.081632653
1929.387755,1.081632653
1972.040816,1.081632653
2014.693877,1.081632653
2057.346939,1.081632653
2100,1.081632653
10,1.163265306
52.65306122,1.163265306
95.30612244,1.163265306
137.9591837,1.163265306
180.6122449,1.163265306
223.2653061,1.163265306
265.9183673,1.163265306
308.5714285,1.163265306
351.2244898,1.163265306
393.877551,1.163265306
436.5306122,1.163265306
479.1836734,1.163265306
521.8367346,1.163265306
564.4897959,1.163265306
607.1428571,1.163265306
649.7959183,1.163265306
692.4489795,1.163265306
735.1020407,1.163265306
777.755102,1.163265306
820.4081632,1.163265306
863.0612244,1.163265306
905.7142856,1.163265306
948.3673468,1.163265306
991.0204081,1.163265306
1033.673469,1.163265306
1076.326531,1.163265306
1118.979592,1.163265306
1161.632653,1.163265306
1204.285714,1.163265306
1246.938775,1.163265306
1289.591837,1.163265306
1332.244898,1.163265306
1374.897959,1.163265306
1417.55102,1.163265306
1460.204081,1.163265306
1502.857143,1.163265306
1545.510204,1.163265306
1588.163265,1.163265306
1630.816326,1.163265306
1673.469388,1.163265306
1716.122449,1.163265306
1758.77551,1.163265306
1801.428571,1.163265306
1844.081632,1.163265306
1886.734694,1.163265306
1929.387755,1.163265306
1972.040816,1.163265306
2014.693877,1.163265306
2057.346939,1.163265306
2100,1.163265306
10,1.244897959
52.65306122,1.244897959
95.30612244,1.244897959
137.9591837,1.244897959
180.6122449,1.244897959
223.2653061,1.244897959
265.9183673,1.244897959
308.5714285,1.244897959
351.2244898,1.244897959
393.877551,1.244897959
436.5306122,1.244897959
479.1836734,1.244897959
521.8367346,1.244897959
564.4897959,1.244897959
607.1428571,1.244897959
649.7959183,1.244897959
692.4489795,1.244897959
735.1020407,1.244897959
777.755102,1.244897959
820.4081632,1.244897959
863.0612244,1.244897959
905.7142856,1.244897959
948.3673468,1.244897959
991.0204081,1.244897959
1033.673469,1.244897959
1076.326531,1.244897959
1118.979592,1.244897959
1161.632653,1.244897959
1204.285714,1.244897959
1246.938775,1.244897959
1289.591837,1.244897959
1332.244898,1.244897959
1374.897959,1.244897959
1417.55102,1.244897959
1460.204081,1.244897959
1502.857143,1.244897959
1545.510204,1.244897959
1588.163265,1.244897959
1630.816326,1.244897959
1673.469388,1.244897959
1716.122449,1.244897959
1758.77551,1.244897959
1801.428571,1.244897959
1844.081632,1.244897959
1886.734694,1.244897959
1929.387755,1.244897959
1972.040816,1.244897959
2014.693877,1.244897959
2057.346939,1.244897959
2100,1.244897959
10,1.326530612
52.65306122,1.326530612
95.30612244,1.326530612
137.9591837,1.326530612
180.6122449,1.326530612
223.2653061,1.326530612
265.9183673,1.326530612
308.5714285,1.326530612
351.2244898,1.326530612
393.877551,1.326530612
436.5306122,1.326530612
479.1836734,1.326530612
521.8367346,1.326530612
564.4897959,1.326530612
607.1428571,1.326530612
649.7959183,1.326530612
692.4489795,1.326530612
735.1020407,1.326530612
777.755102,1.326530612
820.4081632,1.326530612
863.0612244,1.326530612
905.7142856,1.326530612
948.3673468,1.326530612
991.0204081,1.326530612
1033.673469,1.326530612
1076.326531,1.326530612
1118.979592,1.326530612
1161.632653,1.326530612
1204.285714,1.326530612
1246.938775,1.326530612
1289.591837,1.326530612
1332.244898,1.326530612
1374.897959,1.326530612
1417.55102,1.326530612
1460.204081,1.326530612
1502.857143,1.326530612
1545.510204,1.326530612
1588.163265,1.326530612
1630.816326,1.326530612
1673.469388,1.326530612
1716.122449,1.326530612
1758.77551,1.326530612
1801.428571,1.326530612
1844.081632,1.326530612
1886.734694,1.326530612
1929.387755,1.326530612
1972.040816,1.326530612
2014.693877,1.326530612
2057.346939,1.326530612
2100,1.326530612
10,1.408163265
52.65306122,1.408163265
95.30612244,1.408163265
137.9591837,1.408163265
180.6122449,1.408163265
223.2653061,1.408163265
265.9183673,1.408163265
308.5714285,1.408163265
351.2244898,1.408163265
393.877551,1.408163265
436.5306122,1.408163265
479.1836734,1.408163265
521.8367346,1.408163265
564.4897959,1.408163265
607.1428571,1.408163265
649.7959183,1.408163265
692.4489795,1.408163265
735.1020407,1.408163265
777.755102,1.408163265
820.4081632,1.408163265
863.0612244,1.408163265
905.7142856,1.408163265
948.3673468,1.408163265
991.0204081,1.408163265
1033.673469,1.408163265
1076.326531,1.408163265
1118.979592,1.408163265
1161.632653,1.408163265
1204.285714,1.408163265
1246.938775,1.408163265
1289.591837,1.408163265
1332.244898,1.408163265
1374.897959,1.408163265
1417.55102,1.408163265
1460.204081,1.408163265
1502.857143,1.408163265
1545.510204,1.408163265
1588.163265,1.408163265
1630.816326,1.408163265
1673.469388,1.408163265
1716.122449,1.408163265
1758.77551,1.408163265
1801.428571,1.408163265
1844.081632,1.408163265
1886.734694,1.408163265
1929.387755,1.408163265
1972.040816,1.408163265
2014.693877,1.408163265
2057.346939,1.408163265
2100,1.408163265
10,1.489795918
52.65306122,1.489795918
95.30612244,1.489795918
137.9591837,1.489795918
180.6122449,1.489795918
223.2653061,1.489795918
265.9183673,1.489795918
308.5714285,1.489795918
351.2244898,1.489795918
393.877551,1.489795918
436.5306122,1.489795918
479.1836734,1.489795918
521.8367346,1.489795918
564.4897959,1.489795918
607.1428571,1.489795918
649.7959183,1.489795918
692.4489795,1.489795918
735.1020407,1.489795918
777.755102,1.489795918
820.4081632,1.489795918
863.0612244,1.489795918
905.7142856,1.489795918
948.3673468,1.489795918
991.0204081,1.489795918
1033.673469,1.489795918
1076.326531,1.489795918
1118.979592,1.489795918
1161.632653,1.489795918
1204.285714,1.489795918
1246.938775,1.489795918
1289.591837,1.489795918
1332.244898,1.489795918
1374.897959,1.489795918
1417.55102,1.489795918
1460.204081,1.489795918
1502.857143,1.489795918
1545.510204,1.489795918
1588.163265,1.489795918
1630.816326,1.489795918
1673.469388,1.489795918
1716.122449,1.489795918
1758.77551,1.489795918
1801.428571,1.489795918
1844.081632,1.489795918
1886.734694,1.489795918
1929.387755,1.489795918
1972.040816,1.489795918
2014.693877,1.489795918
2057.346939,1.489795918
2100,1.489795918
10,1.571428571
52.65306122,1.571428571
95.30612244,1.571428571
137.9591837,1.571428571
180.6122449,1.571428571
223.2653061,1.571428571
265.9183673,1.571428571
308.5714285,1.571428571
351.2244898,1.571428571
393.877551,1.571428571
436.5306122,1.571428571
479.1836734,1.571428571
521.8367346,1.571428571
564.4897959,1.571428571
607.1428571,1.571428571
649.7959183,1.571428571
692.4489795,1.571428571
735.1020407,1.571428571
777.755102,1.571428571
820.4081632,1.571428571
863.0612244,1.571428571
905.7142856,1.571428571
948.3673468,1.571428571
991.0204081,1.571428571
1033.673469,1.571428571
1076.326531,1.571428571
1118.979592,1.571428571
1161.632653,1.571428571
1204.285714,1.571428571
1246.938775,1.571428571
1289.591837,1.571428571
1332.244898,1.571428571
1374.897959,1.571428571
1417.55102,1.571428571
1460.204081,1.571428571
1502.857143,1.571428571
1545.510204,1.571428571
1588.163265,1.571428571
1630.816326,1.571428571
1673.469388,1.571428571
1716.122449,1.571428571
1758.77551,1.571428571
1801.428571,1.571428571
1844.081632,1.571428571
1886.734694,1.571428571
1929.387755,1.571428571
1972.040816,1.571428571
2014.693877,1.571428571
2057.346939,1.571428571
2100,1.571428571
10,1.653061224
52.65306122,1.653061224
95.30612244,1.653061224
137.9591837,1.653061224
180.6122449,1.653061224
223.2653061,1.653061224
265.9183673,1.653061224
308.5714285,1.653061224
351.2244898,1.653061224
393.877551,1.653061224
436.5306122,1.653061224
479.1836734,1.653061224
521.8367346,1.653061224
564.4897959,1.653061224
607.1428571,1.653061224
649.7959183,1.653061224
692.4489795,1.653061224
735.1020407,1.653061224
777.755102,1.653061224
820.4081632,1.653061224
863.0612244,1.653061224
905.7142856,1.653061224
948.3673468,1.653061224
991.0204081,1.653061224
1033.673469,1.653061224
1076.326531,1.653061224
1118.979592,1.653061224
1161.632653,1.653061224
1204.285714,1.653061224
1246.938775,1.653061224
1289.591837,1.653061224
1332.244898,1.653061224
1374.897959,1.653061224
1417.55102,1.653061224
1460.204081,1.653061224
1502.857143,1.653061224
1545.510204,1.653061224
1588.163265,1.653061224
1630.816326,1.653061224
1673.469388,1.653061224
1716.122449,1.653061224
1758.77551,1.653061224
1801.428571,1.653061224
1844.081632,1.653061224
1886.734694,1.653061224
1929.387755,1.653061224
1972.040816,1.653061224
2014.693877,1.653061224
2057.346939,1.653061224
2100,1.653061224
10,1.734693878
52.65306122,1.734693878
95.30612244,1.734693878
137.9591837,1.734693878
180.6122449,1.734693878
223.2653061,1.734693878
265.9183673,1.734693878
308.5714285,1.734693878
351.2244898,1.734693878
393.877551,1.734693878
436.5306122,1.734693878
479.1836734,1.734693878
521.8367346,1.734693878
564.4897959,1.734693878
607.1428571,1.734693878
649.7959183,1.734693878
692.4489795,1.734693878
735.1020407,1.734693878
777.755102,1.734693878
820.4081632,1.734693878
863.0612244,1.734693878
905.7142856,1.734693878
948.3673468,1.734693878
991.0204081,1.734693878
1033.673469,1.734693878
1076.326531,1.734693878
1118.979592,1.734693878
1161.632653,1.734693878
1204.285714,1.734693878
1246.938775,1.734693878
1289.591837,1.734693878
1332.244898,1.734693878
1374.897959,1.734693878
1417.55102,1.734693878
1460.204081,1.734693878
1502.857143,1.734693878
1545.510204,1.734693878
1588.163265,1.734693878
1630.816326,1.734693878
1673.469388,1.734693878
1716.122449,1.734693878
1758.77551,1.734693878
1801.428571,1.734693878
1844.081632,1.734693878
1886.734694,1.734693878
1929.387755,1.734693878
1972.040816,1.734693878
2014.693877,1.734693878
2057.346939,1.734693878
2100,1.734693878
10,1.816326531
52.65306122,1.816326531
95.30612244,1.816326531
137.9591837,1.816326531
180.6122449,1.816326531
223.2653061,1.816326531
265.9183673,1.816326531
308.5714285,1.816326531
351.2244898,1.816326531
393.877551,1.816326531
436.5306122,1.816326531
479.1836734,1.816326531
521.8367346,1.816326531
564.4897959,1.816326531
607.1428571,1.816326531
649.7959183,1.816326531
692.4489795,1.816326531
735.1020407,1.816326531
777.755102,1.816326531
820.4081632,1.816326531
863.0612244,1.816326531
905.7142856,1.816326531
948.3673468,1.816326531
991.0204081,1.816326531
1033.673469,1.816326531
1076.326531,1.816326531
1118.979592,1.816326531
1161.632653,1.816326531
1204.285714,1.816326531
1246.938775,1.816326531
1289.591837,1.816326531
1332.244898,1.816326531
1374.897959,1.816326531
1417.55102,1.816326531
1460.204081,1.816326531
1502.857143,1.816326531
1545.510204,1.816326531
1588.163265,1.816326531
1630.816326,1.816326531
1673.469388,1.816326531
1716.122449,1.816326531
1758.77551,1.816326531
1801.428571,1.816326531
1844.081632,1.816326531
1886.734694,1.816326531
1929.387755,1.816326531
1972.040816,1.816326531
2014.693877,1.816326531
2057.346939,1.816326531
2100,1.816326531
10,1.897959184
52.65306122,1.897959184
95.30612244,1.897959184
137.9591837,1.897959184
180.6122449,1.897959184
223.2653061,1.897959184
265.9183673,1.897959184
308.5714285,1.897959184
351.2244898,1.897959184
393.877551,1.897959184
436.5306122,1.897959184
479.1836734,1.897959184
521.8367346,1.897959184
564.4897959,1.897959184
607.1428571,1.897959184
649.7959183,1.897959184
692.4489795,1.897959184
735.1020407,1.897959184
777.755102,1.897959184
820.4081632,1.897959184
863.0612244,1.897959184
905.7142856,1.897959184
948.3673468,1.897959184
991.0204081,1.897959184
1033.673469,1.897959184
1076.326531,1.897959184
1118.979592,1.897959184
1161.632653,1.897959184
1204.285714,1.897959184
1246.938775,1.897959184
1289.591837,1.897959184
1332.244898,1.897959184
1374.897959,1.897959184
1417.55102,1.897959184
1460.204081,1.897959184
1502.857143,1.897959184
1545.510204,1.897959184
1588.163265,1.897959184
1630.816326,1.897959184
1673.469388,1.897959184
1716.122449,1.897959184
1758.77551,1.897959184
1801.428571,1.897959184
1844.081632,1.897959184
1886.734694,1.897959184
1929.387755,1.897959184
1972.040816,1.897959184
2014.693877,1.897959184
2057.346939,1.897959184
2100,1.897959184
10,1.979591837
52.65306122,1.979591837
95.30612244,1.979591837
137.9591837,1.979591837
180.6122449,1.979591837
223.2653061,1.979591837
265.9183673,1.979591837
308.5714285,1.979591837
351.2244898,1.979591837
393.877551,1.979591837
436.5306122,1.979591837
479.1836734,1.979591837
521.8367346,1.979591837
564.4897959,1.979591837
607.1428571,1.979591837
649.7959183,1.979591837
692.4489795,1.979591837
735.1020407,1.979591837
777.755102,1.979591837
820.4081632,1.979591837
863.0612244,1.979591837
905.7142856,1.979591837
948.3673468,1.979591837
991.0204081,1.979591837
1033.673469,1.979591837
1076.326531,1.979591837
1118.979592,1.979591837
1161.632653,1.979591837
1204.285714,1.979591837
1246.938775,1.979591837
1289.591837,1.979591837
1332.244898,1.979591837
1374.897959,1.979591837
1417.55102,1.979591837
1460.204081,1.979591837
1502.857143,1.979591837
1545.510204,1.979591837
1588.163265,1.979591837
1630.816326,1.979591837
1673.469388,1.979591837
1716.122449,1.979591837
1758.77551,1.979591837
1801.428571,1.979591837
1844.081632,1.979591837
1886.734694,1.979591837
1929.387755,1.979591837
1972.040816,1.979591837
2014.693877,1.979591837
2057.346939,1.979591837
2100,1.979591837
10,2.06122449
52.65306122,2.06122449
95.30612244,2.06122449
137.9591837,2.06122449
180.6122449,2.06122449
223.2653061,2.06122449
265.9183673,2.06122449
308.5714285,2.06122449
351.2244898,2.06122449
393.877551,2.06122449
436.5306122,2.06122449
479.1836734,2.06122449
521.8367346,2.06122449
564.4897959,2.06122449
607.1428571,2.06122449
649.7959183,2.06122449
692.4489795,2.06122449
735.1020407,2.06122449
777.755102,2.06122449
820.4081632,2.06122449
863.0612244,2.06122449
905.7142856,2.06122449
948.3673468,2.06122449
991.0204081,2.06122449
1033.673469,2.06122449
1076.326531,2.06122449
1118.979592,2.06122449
1161.632653,2.06122449
1204.285714,2.06122449
1246.938775,2.06122449
1289.591837,2.06122449
1332.244898,2.06122449
1374.897959,2.06122449
1417.55102,2.06122449
1460.204081,2.06122449
1502.857143,2.06122449
1545.510204,2.06122449
1588.163265,2.06122449
1630.816326,2.06122449
1673.469388,2.06122449
1716.122449,2.06122449
1758.77551,2.06122449
1801.428571,2.06122449
1844.081632,2.06122449
1886.734694,2.06122449
1929.387755,2.06122449
1972.040816,2.06122449
2014.693877,2.06122449
2057.346939,2.06122449
2100,2.06122449
10,2.142857143
52.65306122,2.142857143
95.30612244,2.142857143
137.9591837,2.142857143
180.6122449,2.142857143
223.2653061,2.142857143
265.9183673,2.142857143
308.5714285,2.142857143
351.2244898,2.142857143
393.877551,2.142857143
436.5306122,2.142857143
479.1836734,2.142857143
521.8367346,2.142857143
564.4897959,2.142857143
607.1428571,2.142857143
649.7959183,2.142857143
692.4489795,2.142857143
735.1020407,2.142857143
777.755102,2.142857143
820.4081632,2.142857143
863.0612244,2.142857143
905.7142856,2.142857143
948.3673468,2.142857143
991.0204081,2.142857143
1033.673469,2.142857143
1076.326531,2.142857143
1118.979592,2.142857143
1161.632653,2.142857143
1204.285714,2.142857143
1246.938775,2.142857143
1289.591837,2.142857143
1332.244898,2.142857143
1374.897959,2.142857143
1417.55102,2.142857143
1460.204081,2.142857143
1502.857143,2.142857143
1545.510204,2.142857143
1588.163265,2.142857143
1630.816326,2.142857143
1673.469388,2.142857143
1716.122449,2.142857143
1758.77551,2.142857143
1801.428571,2.142857143
1844.081632,2.142857143
1886.734694,2.142857143
1929.387755,2.142857143
1972.040816,2.142857143
2014.693877,2.142857143
2057.346939,2.142857143
2100,2.142857143
10,2.224489796
52.65306122,2.224489796
95.30612244,2.224489796
137.9591837,2.224489796
180.6122449,2.224489796
223.2653061,2.224489796
265.9183673,2.224489796
308.5714285,2.224489796
351.2244898,2.224489796
393.877551,2.224489796
436.5306122,2.224489796
479.1836734,2.224489796
521.8367346,2.224489796
564.4897959,2.224489796
607.1428571,2.224489796
649.7959183,2.224489796
692.4489795,2.224489796
735.1020407,2.224489796
777.755102,2.224489796
820.4081632,2.224489796
863.0612244,2.224489796
905.7142856,2.224489796
948.3673468,2.224489796
991.0204081,2.224489796
1033.673469,2.224489796
1076.326531,2.224489796
1118.979592,2.224489796
1161.632653,2.224489796
1204.285714,2.224489796
1246.938775,2.224489796
1289.591837,2.224489796
1332.244898,2.224489796
1374.897959,2.224489796
1417.55102,2.224489796
1460.204081,2.224489796
1502.857143,2.224489796
1545.510204,2.224489796
1588.163265,2.224489796
1630.816326,2.224489796
1673.469388,2.224489796
1716.122449,2.224489796
1758.77551,2.224489796
1801.428571,2.224489796
1844.081632,2.224489796
1886.734694,2.224489796
1929.387755,2.224489796
1972.040816,2.224489796
2014.693877,2.224489796
2057.346939,2.224489796
2100,2.224489796
10,2.306122449
52.65306122,2.306122449
95.30612244,2.306122449
137.9591837,2.306122449
180.6122449,2.306122449
223.2653061,2.306122449
265.9183673,2.306122449
308.5714285,2.306122449
351.2244898,2.306122449
393.877551,2.306122449
436.5306122,2.306122449
479.1836734,2.306122449
521.8367346,2.306122449
564.4897959,2.306122449
607.1428571,2.306122449
649.7959183,2.306122449
692.4489795,2.306122449
735.1020407,2.306122449
777.755102,2.306122449
820.4081632,2.306122449
863.0612244,2.306122449
905.7142856,2.306122449
948.3673468,2.306122449
991.0204081,2.306122449
1033.673469,2.306122449
1076.326531,2.306122449
1118.979592,2.306122449
1161.632653,2.306122449
1204.285714,2.306122449
1246.938775,2.306122449
1289.591837,2.306122449
1332.244898,2.306122449
1374.897959,2.306122449
1417.55102,2.306122449
1460.204081,2.306122449
1502.857143,2.306122449
1545.510204,2.306122449
1588.163265,2.306122449
1630.816326,2.306122449
1673.469388,2.306122449
1716.122449,2.306122449
1758.77551,2.306122449
1801.428571,2.306122449
1844.081632,2.306122449
1886.734694,2.306122449
1929.387755,2.306122449
1972.040816,2.306122449
2014.693877,2.306122449
2057.346939,2.306122449
2100,2.306122449
10,2.387755102
52.65306122,2.387755102
95.30612244,2.387755102
137.9591837,2.387755102
180.6122449,2.387755102
223.2653061,2.387755102
265.9183673,2.387755102
308.5714285,2.387755102
351.2244898,2.387755102
393.877551,2.387755102
436.5306122,2.387755102
479.1836734,2.387755102
521.8367346,2.387755102
564.4897959,2.387755102
607.1428571,2.387755102
649.7959183,2.387755102
692.4489795,2.387755102
735.1020407,2.387755102
777.755102,2.387755102
820.4081632,2.387755102
863.0612244,2.387755102
905.7142856,2.387755102
948.3673468,2.387755102
991.0204081,2.387755102
1033.673469,2.387755102
1076.326531,2.387755102
1118.979592,2.387755102
1161.632653,2.387755102
1204.285714,2.387755102
1246.938775,2.387755102
1289.591837,2.387755102
1332.244898,2.387755102
1374.897959,2.387755102
1417.55102,2.387755102
1460.204081,2.387755102
1502.857143,2.387755102
1545.510204,2.387755102
1588.163265,2.387755102
1630.816326,2.387755102
1673.469388,2.387755102
1716.122449,2.387755102
1758.77551,2.387755102
1801.428571,2.387755102
1844.081632,2.387755102
1886.734694,2.387755102
1929.387755,2.387755102
1972.040816,2.387755102
2014.693877,2.387755102
2057.346939,2.387755102
2100,2.387755102
10,2.469387755
52.65306122,2.469387755
95.30612244,2.469387755
137.9591837,2.469387755
180.6122449,2.469387755
223.2653061,2.469387755
265.9183673,2.469387755
308.5714285,2.469387755
351.2244898,2.469387755
393.877551,2.469387755
436.5306122,2.469387755
479.1836734,2.469387755
521.8367346,2.469387755
564.4897959,2.469387755
607.1428571,2.469387755
649.7959183,2.469387755
692.4489795,2.469387755
735.1020407,2.469387755
777.755102,2.469387755
820.4081632,2.469387755
863.0612244,2.469387755
905.7142856,2.469387755
948.3673468,2.469387755
991.0204081,2.469387755
1033.673469,2.469387755
1076.326531,2.469387755
1118.979592,2.469387755
1161.632653,2.469387755
1204.285714,2.469387755
1246.938775,2.469387755
1289.591837,2.469387755
1332.244898,2.469387755
1374.897959,2.469387755
1417.55102,2.469387755
1460.204081,2.469387755
1502.857143,2.469387755
1545.510204,2.469387755
1588.163265,2.469387755
1630.816326,2.469387755
1673.469388,2.469387755
1716.122449,2.469387755
1758.77551,2.469387755
1801.428571,2.469387755
1844.081632,2.469387755
1886.734694,2.469387755
1929.387755,2.469387755
1972.040816,2.469387755
2014.693877,2.469387755
2057.346939,2.469387755
2100,2.469387755
10,2.551020408
52.65306122,2.551020408
95.30612244,2.551020408
137.9591837,2.551020408
180.6122449,2.551020408
223.2653061,2.551020408
265.9183673,2.551020408
308.5714285,2.551020408
351.2244898,2.551020408
393.877551,2.551020408
436.5306122,2.551020408
479.1836734,2.551020408
521.8367346,2.551020408
564.4897959,2.551020408
607.1428571,2.551020408
649.7959183,2.551020408
692.4489795,2.551020408
735.1020407,2.551020408
777.755102,2.551020408
820.4081632,2.551020408
863.0612244,2.551020408
905.7142856,2.551020408
948.3673468,2.551020408
991.0204081,2.551020408
1033.673469,2.551020408
1076.326531,2.551020408
1118.979592,2.551020408
1161.632653,2.551020408
1204.285714,2.551020408
1246.938775,2.551020408
1289.591837,2.551020408
1332.244898,2.551020408
1374.897959,2.551020408
1417.55102,2.551020408
1460.204081,2.551020408
1502.857143,2.551020408
1545.510204,2.551020408
1588.163265,2.551020408
1630.816326,2.551020408
1673.469388,2.551020408
1716.122449,2.551020408
1758.77551,2.551020408
1801.428571,2.551020408
1844.081632,2.551020408
1886.734694,2.551020408
1929.387755,2.551020408
1972.040816,2.551020408
2014.693877,2.551020408
2057.346939,2.551020408
2100,2.551020408
10,2.632653061
52.65306122,2.632653061
95.30612244,2.632653061
137.9591837,2.632653061
180.6122449,2.632653061
223.2653061,2.632653061
265.9183673,2.632653061
308.5714285,2.632653061
351.2244898,2.632653061
393.877551,2.632653061
436.5306122,2.632653061
479.1836734,2.632653061
521.8367346,2.632653061
564.4897959,2.632653061
607.1428571,2.632653061
649.7959183,2.632653061
692.4489795,2.632653061
735.1020407,2.632653061
777.755102,2.632653061
820.4081632,2.632653061
863.0612244,2.632653061
905.7142856,2.632653061
948.3673468,2.632653061
991.0204081,2.632653061
1033.673469,2.632653061
1076.326531,2.632653061
1118.979592,2.632653061
1161.632653,2.632653061
1204.285714,2.632653061
1246.938775,2.632653061
1289.591837,2.632653061
1332.244898,2.632653061
1374.897959,2.632653061
1417.55102,2.632653061
1460.204081,2.632653061
1502.857143,2.632653061
1545.510204,2.632653061
1588.163265,2.632653061
1630.816326,2.632653061
1673.469388,2.632653061
1716.122449,2.632653061
1758.77551,2.632653061
1801.428571,2.632653061
1844.081632,2.632653061
1886.734694,2.632653061
1929.387755,2.632653061
1972.040816,2.632653061
2014.693877,2.632653061
2057.346939,2.632653061
2100,2.632653061
10,2.714285714
52.65306122,2.714285714
95.30612244,2.714285714
137.9591837,2.714285714
180.6122449,2.714285714
223.2653061,2.714285714
265.9183673,2.714285714
308.5714285,2.714285714
351.2244898,2.714285714
393.877551,2.714285714
436.5306122,2.714285714
479.1836734,2.714285714
521.8367346,2.714285714
564.4897959,2.714285714
607.1428571,2.714285714
649.7959183,2.714285714
692.4489795,2.714285714
735.1020407,2.714285714
777.755102,2.714285714
820.4081632,2.714285714
863.0612244,2.714285714
905.7142856,2.714285714
948.3673468,2.714285714
991.0204081,2.714285714
1033.673469,2.714285714
1076.326531,2.714285714
1118.979592,2.714285714
1161.632653,2.714285714
1204.285714,2.714285714
1246.938775,2.714285714
1289.591837,2.714285714
1332.244898,2.714285714
1374.897959,2.714285714
1417.55102,2.714285714
1460.204081,2.714285714
1502.857143,2.714285714
1545.510204,2.714285714
1588.163265,2.714285714
1630.816326,2.714285714
1673.469388,2.714285714
1716.122449,2.714285714
1758.77551,2.714285714
1801.428571,2.714285714
1844.081632,2.714285714
1886.734694,2.714285714
1929.387755,2.714285714
1972.040816,2.714285714
2014.693877,2.714285714
2057.346939,2.714285714
2100,2.714285714
10,2.795918367
52.65306122,2.795918367
95.30612244,2.795918367
137.9591837,2.795918367
180.6122449,2.795918367
223.2653061,2.795918367
265.9183673,2.795918367
308.5714285,2.795918367
351.2244898,2.795918367
393.877551,2.795918367
436.5306122,2.795918367
479.1836734,2.795918367
521.8367346,2.795918367
564.4897959,2.795918367
607.1428571,2.795918367
649.7959183,2.795918367
692.4489795,2.795918367
735.1020407,2.795918367
777.755102,2.795918367
820.4081632,2.795918367
863.0612244,2.795918367
905.7142856,2.795918367
948.3673468,2.795918367
991.0204081,2.795918367
1033.673469,2.795918367
1076.326531,2.795918367
1118.979592,2.795918367
1161.632653,2.795918367
1204.285714,2.795918367
1246.938775,2.795918367
1289.591837,2.795918367
1332.244898,2.795918367
1374.897959,2.795918367
1417.55102,2.795918367
1460.204081,2.795918367
1502.857143,2.795918367
1545.510204,2.795918367
1588.163265,2.795918367
1630.816326,2.795918367
1673.469388,2.795918367
1716.122449,2.795918367
1758.77551,2.795918367
1801.428571,2.795918367
1844.081632,2.795918367
1886.734694,2.795918367
1929.387755,2.795918367
1972.040816,2.795918367
2014.693877,2.795918367
2057.346939,2.795918367
2100,2.795918367
10,2.87755102
52.65306122,2.87755102
95.30612244,2.87755102
137.9591837,2.87755102
180.6122449,2.87755102
223.2653061,2.87755102
265.9183673,2.87755102
308.5714285,2.87755102
351.2244898,2.87755102
393.877551,2.87755102
436.5306122,2.87755102
479.1836734,2.87755102
521.8367346,2.87755102
564.4897959,2.87755102
607.1428571,2.87755102
649.7959183,2.87755102
692.4489795,2.87755102
735.1020407,2.87755102
777.755102,2.87755102
820.4081632,2.87755102
863.0612244,2.87755102
905.7142856,2.87755102
948.3673468,2.87755102
991.0204081,2.87755102
1033.673469,2.87755102
1076.326531,2.87755102
1118.979592,2.87755102
1161.632653,2.87755102
1204.285714,2.87755102
1246.938775,2.87755102
1289.591837,2.87755102
1332.244898,2.87755102
1374.897959,2.87755102
1417.55102,2.87755102
1460.204081,2.87755102
1502.857143,2.87755102
1545.510204,2.87755102
1588.163265,2.87755102
1630.816326,2.87755102
1673.469388,2.87755102
1716.122449,2.87755102
1758.77551,2.87755102
1801.428571,2.87755102
1844.081632,2.87755102
1886.734694,2.87755102
1929.387755,2.87755102
1972.040816,2.87755102
2014.693877,2.87755102
2057.346939,2.87755102
2100,2.87755102
10,2.959183673
52.65306122,2.959183673
95.30612244,2.959183673
137.9591837,2.959183673
180.6122449,2.959183673
223.2653061,2.959183673
265.9183673,2.959183673
308.5714285,2.959183673
351.2244898,2.959183673
393.877551,2.959183673
436.5306122,2.959183673
479.1836734,2.959183673
521.8367346,2.959183673
564.4897959,2.959183673
607.1428571,2.959183673
649.7959183,2.959183673
692.4489795,2.959183673
735.1020407,2.959183673
777.755102,2.959183673
820.4081632,2.959183673
863.0612244,2.959183673
905.7142856,2.959183673
948.3673468,2.959183673
991.0204081,2.959183673
1033.673469,2.959183673
1076.326531,2.959183673
1118.979592,2.959183673
1161.632653,2.959183673
1204.285714,2.959183673
1246.938775,2.959183673
1289.591837,2.959183673
1332.244898,2.959183673
1374.897959,2.959183673
1417.55102,2.959183673
1460.204081,2.959183673
1502.857143,2.959183673
1545.510204,2.959183673
1588.163265,2.959183673
1630.816326,2.959183673
1673.469388,2.959183673
1716.122449,2.959183673
1758.77551,2.959183673
1801.428571,2.959183673
1844.081632,2.959183673
1886.734694,2.959183673
1929.387755,2.959183673
1972.040816,2.959183673
2014.693877,2.959183673
2057.346939,2.959183673
2100,2.959183673
10,3.040816327
52.65306122,3.040816327
95.30612244,3.040816327
137.9591837,3.040816327
180.6122449,3.040816327
223.2653061,3.040816327
265.9183673,3.040816327
308.5714285,3.040816327
351.2244898,3.040816327
393.877551,3.040816327
436.5306122,3.040816327
479.1836734,3.040816327
521.8367346,3.040816327
564.4897959,3.040816327
607.1428571,3.040816327
649.7959183,3.040816327
692.4489795,3.040816327
735.1020407,3.040816327
777.755102,3.040816327
820.4081632,3.040816327
863.0612244,3.040816327
905.7142856,3.040816327
948.3673468,3.040816327
991.0204081,3.040816327
1033.673469,3.040816327
1076.326531,3.040816327
1118.979592,3.040816327
1161.632653,3.040816327
1204.285714,3.040816327
1246.938775,3.040816327
1289.591837,3.040816327
1332.244898,3.040816327
1374.897959,3.040816327
1417.55102,3.040816327
1460.204081,3.040816327
1502.857143,3.040816327
1545.510204,3.040816327
1588.163265,3.040816327
1630.816326,3.040816327
1673.469388,3.040816327
1716.122449,3.040816327
1758.77551,3.040816327
1801.428571,3.040816327
1844.081632,3.040816327
1886.734694,3.040816327
1929.387755,3.040816327
1972.040816,3.040816327
2014.693877,3.040816327
2057.346939,3.040816327
2100,3.040816327
10,3.12244898
52.65306122,3.12244898
95.30612244,3.12244898
137.9591837,3.12244898
180.6122449,3.12244898
223.2653061,3.12244898
265.9183673,3.12244898
308.5714285,3.12244898
351.2244898,3.12244898
393.877551,3.12244898
436.5306122,3.12244898
479.1836734,3.12244898
521.8367346,3.12244898
564.4897959,3.12244898
607.1428571,3.12244898
649.7959183,3.12244898
692.4489795,3.12244898
735.1020407,3.12244898
777.755102,3.12244898
820.4081632,3.12244898
863.0612244,3.12244898
905.7142856,3.12244898
948.3673468,3.12244898
991.0204081,3.12244898
1033.673469,3.12244898
1076.326531,3.12244898
1118.979592,3.12244898
1161.632653,3.12244898
1204.285714,3.12244898
1246.938775,3.12244898
1289.591837,3.12244898
1332.244898,3.12244898
1374.897959,3.12244898
1417.55102,3.12244898
1460.204081,3.12244898
1502.857143,3.12244898
1545.510204,3.12244898
1588.163265,3.12244898
1630.816326,3.12244898
1673.469388,3.12244898
1716.122449,3.12244898
1758.77551,3.12244898
1801.428571,3.12244898
1844.081632,3.12244898
1886.734694,3.12244898
1929.387755,3.12244898
1972.040816,3.12244898
2014.693877,3.12244898
2057.346939,3.12244898
2100,3.12244898
10,3.204081633
52.65306122,3.204081633
95.30612244,3.204081633
137.9591837,3.204081633
180.6122449,3.204081633
223.2653061,3.204081633
265.9183673,3.204081633
308.5714285,3.204081633
351.2244898,3.204081633
393.877551,3.204081633
436.5306122,3.204081633
479.1836734,3.204081633
521.8367346,3.204081633
564.4897959,3.204081633
607.1428571,3.204081633
649.7959183,3.204081633
692.4489795,3.204081633
735.1020407,3.204081633
777.755102,3.204081633
820.4081632,3.204081633
863.0612244,3.204081633
905.7142856,3.204081633
948.3673468,3.204081633
991.0204081,3.204081633
1033.673469,3.204081633
1076.326531,3.204081633
1118.979592,3.204081633
1161.632653,3.204081633
1204.285714,3.204081633
1246.938775,3.204081633
1289.591837,3.204081633
1332.244898,3.204081633
1374.897959,3.204081633
1417.55102,3.204081633
1460.204081,3.204081633
1502.857143,3.204081633
1545.510204,3.204081633
1588.163265,3.204081633
1630.816326,3.204081633
1673.469388,3.204081633
1716.122449,3.204081633
1758.77551,3.204081633
1801.428571,3.204081633
1844.081632,3.204081633
1886.734694,3.204081633
1929.387755,3.204081633
1972.040816,3.204081633
2014.693877,3.204081633
2057.346939,3.204081633
2100,3.204081633
10,3.285714286
52.65306122,3.285714286
95.30612244,3.285714286
137.9591837,3.285714286
180.6122449,3.285714286
223.2653061,3.285714286
265.9183673,3.285714286
308.5714285,3.285714286
351.2244898,3.285714286
393.877551,3.285714286
436.5306122,3.285714286
479.1836734,3.285714286
521.8367346,3.285714286
564.4897959,3.285714286
607.1428571,3.285714286
649.7959183,3.285714286
692.4489795,3.285714286
735.1020407,3.285714286
777.755102,3.285714286
820.4081632,3.285714286
863.0612244,3.285714286
905.7142856,3.285714286
948.3673468,3.285714286
991.0204081,3.285714286
1033.673469,3.285714286
1076.326531,3.285714286
1118.979592,3.285714286
1161.632653,3.285714286
1204.285714,3.285714286
1246.938775,3.285714286
1289.591837,3.285714286
1332.244898,3.285714286
1374.897959,3.285714286
1417.55102,3.285714286
1460.204081,3.285714286
1502.857143,3.285714286
1545.510204,3.285714286
1588.163265,3.285714286
1630.816326,3.285714286
1673.469388,3.285714286
1716.122449,3.285714286
1758.77551,3.285714286
1801.428571,3.285714286
1844.081632,3.285714286
1886.734694,3.285714286
1929.387755,3.285714286
1972.040816,3.285714286
2014.693877,3.285714286
2057.346939,3.285714286
2100,3.285714286
10,3.367346939
52.65306122,3.367346939
95.30612244,3.367346939
137.9591837,3.367346939
180.6122449,3.367346939
223.2653061,3.367346939
265.9183673,3.367346939
308.5714285,3.367346939
351.2244898,3.367346939
393.877551,3.367346939
436.5306122,3.367346939
479.1836734,3.367346939
521.8367346,3.367346939
564.4897959,3.367346939
607.1428571,3.367346939
649.7959183,3.367346939
692.4489795,3.367346939
735.1020407,3.367346939
777.755102,3.367346939
820.4081632,3.367346939
863.0612244,3.367346939
905.7142856,3.367346939
948.3673468,3.367346939
991.0204081,3.367346939
1033.673469,3.367346939
1076.326531,3.367346939
1118.979592,3.367346939
1161.632653,3.367346939
1204.285714,3.367346939
1246.938775,3.367346939
1289.591837,3.367346939
1332.244898,3.367346939
1374.897959,3.367346939
1417.55102,3.367346939
1460.204081,3.367346939
1502.857143,3.367346939
1545.510204,3.367346939
1588.163265,3.367346939
1630.816326,3.367346939
1673.469388,3.367346939
1716.122449,3.367346939
1758.77551,3.367346939
1801.428571,3.367346939
1844.081632,3.367346939
1886.734694,3.367346939
1929.387755,3.367346939
1972.040816,3.367346939
2014.693877,3.367346939
2057.346939,3.367346939
2100,3.367346939
10,3.448979592
52.65306122,3.448979592
95.30612244,3.448979592
137.9591837,3.448979592
180.6122449,3.448979592
223.2653061,3.448979592
265.9183673,3.448979592
308.5714285,3.448979592
351.2244898,3.448979592
393.877551,3.448979592
436.5306122,3.448979592
479.1836734,3.448979592
521.8367346,3.448979592
564.4897959,3.448979592
607.1428571,3.448979592
649.7959183,3.448979592
692.4489795,3.448979592
735.1020407,3.448979592
777.755102,3.448979592
820.4081632,3.448979592
863.0612244,3.448979592
905.7142856,3.448979592
948.3673468,3.448979592
991.0204081,3.448979592
1033.673469,3.448979592
1076.326531,3.448979592
1118.979592,3.448979592
1161.632653,3.448979592
1204.285714,3.448979592
1246.938775,3.448979592
1289.591837,3.448979592
1332.244898,3.448979592
1374.897959,3.448979592
1417.55102,3.448979592
1460.204081,3.448979592
1502.857143,3.448979592
1545.510204,3.448979592
1588.163265,3.448979592
1630.816326,3.448979592
1673.469388,3.448979592
1716.122449,3.448979592
1758.77551,3.448979592
1801.428571,3.448979592
1844.081632,3.448979592
1886.734694,3.448979592
1929.387755,3.448979592
1972.040816,3.448979592
2014.693877,3.448979592
2057.346939,3.448979592
2100,3.448979592
10,3.530612245
52.65306122,3.530612245
95.30612244,3.530612245
137.9591837,3.530612245
180.6122449,3.530612245
223.2653061,3.530612245
265.9183673,3.530612245
308.5714285,3.530612245
351.2244898,3.530612245
393.877551,3.530612245
436.5306122,3.530612245
479.1836734,3.530612245
521.8367346,3.530612245
564.4897959,3.530612245
607.1428571,3.530612245
649.7959183,3.530612245
692.4489795,3.530612245
735.1020407,3.530612245
777.755102,3.530612245
820.4081632,3.530612245
863.0612244,3.530612245
905.7142856,3.530612245
948.3673468,3.530612245
991.0204081,3.530612245
1033.673469,3.530612245
1076.326531,3.530612245
1118.979592,3.530612245
1161.632653,3.530612245
1204.285714,3.530612245
1246.938775,3.530612245
1289.591837,3.530612245
1332.244898,3.530612245
1374.897959,3.530612245
1417.55102,3.530612245
1460.204081,3.530612245
1502.857143,3.530612245
1545.510204,3.530612245
1588.163265,3.530612245
1630.816326,3.530612245
1673.469388,3.530612245
1716.122449,3.530612245
1758.77551,3.530612245
1801.428571,3.530612245
1844.081632,3.530612245
1886.734694,3.530612245
1929.387755,3.530612245
1972.040816,3.530612245
2014.693877,3.530612245
2057.346939,3.530612245
2100,3.530612245
10,3.612244898
52.65306122,3.612244898
95.30612244,3.612244898
137.9591837,3.612244898
180.6122449,3.612244898
223.2653061,3.612244898
265.9183673,3.612244898
308.5714285,3.612244898
351.2244898,3.612244898
393.877551,3.612244898
436.5306122,3.612244898
479.1836734,3.612244898
521.8367346,3.612244898
564.4897959,3.612244898
607.1428571,3.612244898
649.7959183,3.612244898
692.4489795,3.612244898
735.1020407,3.612244898
777.755102,3.612244898
820.4081632,3.612244898
863.0612244,3.612244898
905.7142856,3.612244898
948.3673468,3.612244898
991.0204081,3.612244898
1033.673469,3.612244898
1076.326531,3.612244898
1118.979592,3.612244898
1161.632653,3.612244898
1204.285714,3.612244898
1246.938775,3.612244898
1289.591837,3.612244898
1332.244898,3.612244898
1374.897959,3.612244898
1417.55102,3.612244898
1460.204081,3.612244898
1502.857143,3.612244898
1545.510204,3.612244898
1588.163265,3.612244898
1630.816326,3.612244898
1673.469388,3.612244898
1716.122449,3.612244898
1758.77551,3.612244898
1801.428571,3.612244898
1844.081632,3.612244898
1886.734694,3.612244898
1929.387755,3.612244898
1972.040816,3.612244898
2014.693877,3.612244898
2057.346939,3.612244898
2100,3.612244898
10,3.693877551
52.65306122,3.693877551
95.30612244,3.693877551
137.9591837,3.693877551
180.6122449,3.693877551
223.2653061,3.693877551
265.9183673,3.693877551
308.5714285,3.693877551
351.2244898,3.693877551
393.877551,3.693877551
436.5306122,3.693877551
479.1836734,3.693877551
521.8367346,3.693877551
564.4897959,3.693877551
607.1428571,3.693877551
649.7959183,3.693877551
692.4489795,3.693877551
735.1020407,3.693877551
777.755102,3.693877551
820.4081632,3.693877551
863.0612244,3.693877551
905.7142856,3.693877551
948.3673468,3.693877551
991.0204081,3.693877551
1033.673469,3.693877551
1076.326531,3.693877551
1118.979592,3.693877551
1161.632653,3.693877551
1204.285714,3.693877551
1246.938775,3.693877551
1289.591837,3.693877551
1332.244898,3.693877551
1374.897959,3.693877551
1417.55102,3.693877551
1460.204081,3.693877551
1502.857143,3.693877551
1545.510204,3.693877551
1588.163265,3.693877551
1630.816326,3.693877551
1673.469388,3.693877551
1716.122449,3.693877551
1758.77551,3.693877551
1801.428571,3.693877551
1844.081632,3.693877551
1886.734694,3.693877551
1929.387755,3.693877551
1972.040816,3.693877551
2014.693877,3.693877551
2057.346939,3.693877551
2100,3.693877551
10,3.775510204
52.65306122,3.775510204
95.30612244,3.775510204
137.9591837,3.775510204
180.6122449,3.775510204
223.2653061,3.775510204
265.9183673,3.775510204
308.5714285,3.775510204
351.2244898,3.775510204
393.877551,3.775510204
436.5306122,3.775510204
479.1836734,3.775510204
521.8367346,3.775510204
564.4897959,3.775510204
607.1428571,3.775510204
649.7959183,3.775510204
692.4489795,3.775510204
735.1020407,3.775510204
777.755102,3.775510204
820.4081632,3.775510204
863.0612244,3.775510204
905.7142856,3.775510204
948.3673468,3.775510204
991.0204081,3.775510204
1033.673469,3.775510204
1076.326531,3.775510204
1118.979592,3.775510204
1161.632653,3.775510204
1204.285714,3.775510204
1246.938775,3.775510204
1289.591837,3.775510204
1332.244898,3.775510204
1374.897959,3.775510204
1417.55102,3.775510204
1460.204081,3.775510204
1502.857143,3.775510204
1545.510204,3.775510204
1588.163265,3.775510204
1630.816326,3.775510204
1673.469388,3.775510204
1716.122449,3.775510204
1758.77551,3.775510204
1801.428571,3.775510204
1844.081632,3.775510204
1886.734694,3.775510204
1929.387755,3.775510204
1972.040816,3.775510204
2014.693877,3.775510204
2057.346939,3.775510204
2100,3.775510204
10,3.857142857
52.65306122,3.857142857
95.30612244,3.857142857
137.9591837,3.857142857
180.6122449,3.857142857
223.2653061,3.857142857
265.9183673,3.857142857
308.5714285,3.857142857
351.2244898,3.857142857
393.877551,3.857142857
436.5306122,3.857142857
479.1836734,3.857142857
521.8367346,3.857142857
564.4897959,3.857142857
607.1428571,3.857142857
649.7959183,3.857142857
692.4489795,3.857142857
735.1020407,3.857142857
777.755102,3.857142857
820.4081632,3.857142857
863.0612244,3.857142857
905.7142856,3.857142857
948.3673468,3.857142857
991.0204081,3.857142857
1033.673469,3.857142857
1076.326531,3.857142857
1118.979592,3.857142857
1161.632653,3.857142857
1204.285714,3.857142857
1246.938775,3.857142857
1289.591837,3.857142857
1332.244898,3.857142857
1374.897959,3.857142857
1417.55102,3.857142857
1460.204081,3.857142857
1502.857143,3.857142857
1545.510204,3.857142857
1588.163265,3.857142857
1630.816326,3.857142857
1673.469388,3.857142857
1716.122449,3.857142857
1758.77551,3.857142857
1801.428571,3.857142857
1844.081632,3.857142857
1886.734694,3.857142857
1929.387755,3.857142857
1972.040816,3.857142857
2014.693877,3.857142857
2057.346939,3.857142857
2100,3.857142857
10,3.93877551
52.65306122,3.93877551
95.30612244,3.93877551
137.9591837,3.93877551
180.6122449,3.93877551
223.2653061,3.93877551
265.9183673,3.93877551
308.5714285,3.93877551
351.2244898,3.93877551
393.877551,3.93877551
436.5306122,3.93877551
479.1836734,3.93877551
521.8367346,3.93877551
564.4897959,3.93877551
607.1428571,3.93877551
649.7959183,3.93877551
692.4489795,3.93877551
735.1020407,3.93877551
777.755102,3.93877551
820.4081632,3.93877551
863.0612244,3.93877551
905.7142856,3.93877551
948.3673468,3.93877551
991.0204081,3.93877551
1033.673469,3.93877551
1076.326531,3.93877551
1118.979592,3.93877551
1161.632653,3.93877551
1204.285714,3.93877551
1246.938775,3.93877551
1289.591837,3.93877551
1332.244898,3.93877551
1374.897959,3.93877551
1417.55102,3.93877551
1460.204081,3.93877551
1502.857143,3.93877551
1545.510204,3.93877551
1588.163265,3.93877551
1630.816326,3.93877551
1673.469388,3.93877551
1716.122449,3.93877551
1758.77551,3.93877551
1801.428571,3.93877551
1844.081632,3.93877551
1886.734694,3.93877551
1929.387755,3.93877551
1972.040816,3.93877551
2014.693877,3.93877551
2057.346939,3.93877551
2100,3.93877551
10,4.020408163
52.65306122,4.020408163
95.30612244,4.020408163
137.9591837,4.020408163
180.6122449,4.020408163
223.2653061,4.020408163
265.9183673,4.020408163
308.5714285,4.020408163
351.2244898,4.020408163
393.877551,4.020408163
436.5306122,4.020408163
479.1836734,4.020408163
521.8367346,4.020408163
564.4897959,4.020408163
607.1428571,4.020408163
649.7959183,4.020408163
692.4489795,4.020408163
735.1020407,4.020408163
777.755102,4.020408163
820.4081632,4.020408163
863.0612244,4.020408163
905.7142856,4.020408163
948.3673468,4.020408163
991.0204081,4.020408163
1033.673469,4.020408163
1076.326531,4.020408163
1118.979592,4.020408163
1161.632653,4.020408163
1204.285714,4.020408163
1246.938775,4.020408163
1289.591837,4.020408163
1332.244898,4.020408163
1374.897959,4.020408163
1417.55102,4.020408163
1460.204081,4.020408163
1502.857143,4.020408163
1545.510204,4.020408163
1588.163265,4.020408163
1630.816326,4.020408163
1673.469388,4.020408163
1716.122449,4.020408163
1758.77551,4.020408163
1801.428571,4.020408163
1844.081632,4.020408163
1886.734694,4.020408163
1929.387755,4.020408163
1972.040816,4.020408163
2014.693877,4.020408163
2057.346939,4.020408163
2100,4.020408163
10,4.102040816
52.65306122,4.102040816
95.30612244,4.102040816
137.9591837,4.102040816
180.6122449,4.102040816
223.2653061,4.102040816
265.9183673,4.102040816
308.5714285,4.102040816
351.2244898,4.102040816
393.877551,4.102040816
436.5306122,4.102040816
479.1836734,4.102040816
521.8367346,4.102040816
564.4897959,4.102040816
607.1428571,4.102040816
649.7959183,4.102040816
692.4489795,4.102040816
735.1020407,4.102040816
777.755102,4.102040816
820.4081632,4.102040816
863.0612244,4.102040816
905.7142856,4.102040816
948.3673468,4.102040816
991.0204081,4.102040816
1033.673469,4.102040816
1076.326531,4.102040816
1118.979592,4.102040816
1161.632653,4.102040816
1204.285714,4.102040816
1246.938775,4.102040816
1289.591837,4.102040816
1332.244898,4.102040816
1374.897959,4.102040816
1417.55102,4.102040816
1460.204081,4.102040816
1502.857143,4.102040816
1545.510204,4.102040816
1588.163265,4.102040816
1630.816326,4.102040816
1673.469388,4.102040816
1716.122449,4.102040816
1758.77551,4.102040816
1801.428571,4.102040816
1844.081632,4.102040816
1886.734694,4.102040816
1929.387755,4.102040816
1972.040816,4.102040816
2014.693877,4.102040816
2057.346939,4.102040816
2100,4.102040816
10,4.183673469
52.65306122,4.183673469
95.30612244,4.183673469
137.9591837,4.183673469
180.6122449,4.183673469
223.2653061,4.183673469
265.9183673,4.183673469
308.5714285,4.183673469
351.2244898,4.183673469
393.877551,4.183673469
436.5306122,4.183673469
479.1836734,4.183673469
521.8367346,4.183673469
564.4897959,4.183673469
607.1428571,4.183673469
649.7959183,4.183673469
692.4489795,4.183673469
735.1020407,4.183673469
777.755102,4.183673469
820.4081632,4.183673469
863.0612244,4.183673469
905.7142856,4.183673469
948.3673468,4.183673469
991.0204081,4.183673469
1033.673469,4.183673469
1076.326531,4.183673469
1118.979592,4.183673469
1161.632653,4.183673469
1204.285714,4.183673469
1246.938775,4.183673469
1289.591837,4.183673469
1332.244898,4.183673469
1374.897959,4.183673469
1417.55102,4.183673469
1460.204081,4.183673469
1502.857143,4.183673469
1545.510204,4.183673469
1588.163265,4.183673469
1630.816326,4.183673469
1673.469388,4.183673469
1716.122449,4.183673469
1758.77551,4.183673469
1801.428571,4.183673469
1844.081632,4.183673469
1886.734694,4.183673469
1929.387755,4.183673469
1972.040816,4.183673469
2014.693877,4.183673469
2057.346939,4.183673469
2100,4.183673469
10,4.265306122
52.65306122,4.265306122
95.30612244,4.265306122
137.9591837,4.265306122
180.6122449,4.265306122
223.2653061,4.265306122
265.9183673,4.265306122
308.5714285,4.265306122
351.2244898,4.265306122
393.877551,4.265306122
436.5306122,4.265306122
479.1836734,4.265306122
521.8367346,4.265306122
564.4897959,4.265306122
607.1428571,4.265306122
649.7959183,4.265306122
692.4489795,4.265306122
735.1020407,4.265306122
777.755102,4.265306122
820.4081632,4.265306122
863.0612244,4.265306122
905.7142856,4.265306122
948.3673468,4.265306122
991.0204081,4.265306122
1033.673469,4.265306122
1076.326531,4.265306122
1118.979592,4.265306122
1161.632653,4.265306122
1204.285714,4.265306122
1246.938775,4.265306122
1289.591837,4.265306122
1332.244898,4.265306122
1374.897959,4.265306122
1417.55102,4.265306122
1460.204081,4.265306122
1502.857143,4.265306122
1545.510204,4.265306122
1588.163265,4.265306122
1630.816326,4.265306122
1673.469388,4.265306122
1716.122449,4.265306122
1758.77551,4.265306122
1801.428571,4.265306122
1844.081632,4.265306122
1886.734694,4.265306122
1929.387755,4.265306122
1972.040816,4.265306122
2014.693877,4.265306122
2057.346939,4.265306122
2100,4.265306122
10,4.346938776
52.65306122,4.346938776
95.30612244,4.346938776
137.9591837,4.346938776
180.6122449,4.346938776
223.2653061,4.346938776
265.9183673,4.346938776
308.5714285,4.346938776
351.2244898,4.346938776
393.877551,4.346938776
436.5306122,4.346938776
479.1836734,4.346938776
521.8367346,4.346938776
564.4897959,4.346938776
607.1428571,4.346938776
649.7959183,4.346938776
692.4489795,4.346938776
735.1020407,4.346938776
777.755102,4.346938776
820.4081632,4.346938776
863.0612244,4.346938776
905.7142856,4.346938776
948.3673468,4.346938776
991.0204081,4.346938776
1033.673469,4.346938776
1076.326531,4.346938776
1118.979592,4.346938776
1161.632653,4.346938776
1204.285714,4.346938776
1246.938775,4.346938776
1289.591837,4.346938776
1332.244898,4.346938776
1374.897959,4.346938776
1417.55102,4.346938776
1460.204081,4.346938776
1502.857143,4.346938776
1545.510204,4.346938776
1588.163265,4.346938776
1630.816326,4.346938776
1673.469388,4.346938776
1716.122449,4.346938776
1758.77551,4.346938776
1801.428571,4.346938776
1844.081632,4.346938776
1886.734694,4.346938776
1929.387755,4.346938776
1972.040816,4.346938776
2014.693877,4.346938776
2057.346939,4.346938776
2100,4.346938776
10,4.428571429
52.65306122,4.428571429
95.30612244,4.428571429
137.9591837,4.428571429
180.6122449,4.428571429
223.2653061,4.428571429
265.9183673,4.428571429
308.5714285,4.428571429
351.2244898,4.428571429
393.877551,4.428571429
436.5306122,4.428571429
479.1836734,4.428571429
521.8367346,4.428571429
564.4897959,4.428571429
607.1428571,4.428571429
649.7959183,4.428571429
692.4489795,4.428571429
735.1020407,4.428571429
777.755102,4.428571429
820.4081632,4.428571429
863.0612244,4.428571429
905.7142856,4.428571429
948.3673468,4.428571429
991.0204081,4.428571429
1033.673469,4.428571429
1076.326531,4.428571429
1118.979592,4.428571429
1161.632653,4.428571429
1204.285714,4.428571429
1246.938775,4.428571429
1289.591837,4.428571429
1332.244898,4.428571429
1374.897959,4.428571429
1417.55102,4.428571429
1460.204081,4.428571429
1502.857143,4.428571429
1545.510204,4.428571429
1588.163265,4.428571429
1630.816326,4.428571429
1673.469388,4.428571429
1716.122449,4.428571429
1758.77551,4.428571429
1801.428571,4.428571429
1844.081632,4.428571429
1886.734694,4.428571429
1929.387755,4.428571429
1972.040816,4.428571429
2014.693877,4.428571429
2057.346939,4.428571429
2100,4.428571429
10,4.510204082
52.65306122,4.510204082
95.30612244,4.510204082
137.9591837,4.510204082
180.6122449,4.510204082
223.2653061,4.510204082
265.9183673,4.510204082
308.5714285,4.510204082
351.2244898,4.510204082
393.877551,4.510204082
436.5306122,4.510204082
479.1836734,4.510204082
521.8367346,4.510204082
564.4897959,4.510204082
607.1428571,4.510204082
649.7959183,4.510204082
692.4489795,4.510204082
735.1020407,4.510204082
777.755102,4.510204082
820.4081632,4.510204082
863.0612244,4.510204082
905.7142856,4.510204082
948.3673468,4.510204082
991.0204081,4.510204082
1033.673469,4.510204082
1076.326531,4.510204082
1118.979592,4.510204082
1161.632653,4.510204082
1204.285714,4.510204082
1246.938775,4.510204082
1289.591837,4.510204082
1332.244898,4.510204082
1374.897959,4.510204082
1417.55102,4.510204082
1460.204081,4.510204082
1502.857143,4.510204082
1545.510204,4.510204082
1588.163265,4.510204082
1630.816326,4.510204082
1673.469388,4.510204082
1716.122449,4.510204082
1758.77551,4.510204082
1801.428571,4.510204082
1844.081632,4.510204082
1886.734694,4.510204082
1929.387755,4.510204082
1972.040816,4.510204082
2014.693877,4.510204082
2057.346939,4.510204082
2100,4.510204082
10,4.591836735
52.65306122,4.591836735
95.30612244,4.591836735
137.9591837,4.591836735
180.6122449,4.591836735
223.2653061,4.591836735
265.9183673,4.591836735
308.5714285,4.591836735
351.2244898,4.591836735
393.877551,4.591836735
436.5306122,4.591836735
479.1836734,4.591836735
521.8367346,4.591836735
564.4897959,4.591836735
607.1428571,4.591836735
649.7959183,4.591836735
692.4489795,4.591836735
735.1020407,4.591836735
777.755102,4.591836735
820.4081632,4.591836735
863.0612244,4.591836735
905.7142856,4.591836735
948.3673468,4.591836735
991.0204081,4.591836735
1033.673469,4.591836735
1076.326531,4.591836735
1118.979592,4.591836735
1161.632653,4.591836735
1204.285714,4.591836735
1246.938775,4.591836735
1289.591837,4.591836735
1332.244898,4.591836735
1374.897959,4.591836735
1417.55102,4.591836735
1460.204081,4.591836735
1502.857143,4.591836735
1545.510204,4.591836735
1588.163265,4.591836735
1630.816326,4.591836735
1673.469388,4.591836735
1716.122449,4.591836735
1758.77551,4.591836735
1801.428571,4.591836735
1844.081632,4.591836735
1886.734694,4.591836735
1929.387755,4.591836735
1972.040816,4.591836735
2014.693877,4.591836735
2057.346939,4.591836735
2100,4.591836735
10,4.673469388
52.65306122,4.673469388
95.30612244,4.673469388
137.9591837,4.673469388
180.6122449,4.673469388
223.2653061,4.673469388
265.9183673,4.673469388
308.5714285,4.673469388
351.2244898,4.673469388
393.877551,4.673469388
436.5306122,4.673469388
479.1836734,4.673469388
521.8367346,4.673469388
564.4897959,4.673469388
607.1428571,4.673469388
649.7959183,4.673469388
692.4489795,4.673469388
735.1020407,4.673469388
777.755102,4.673469388
820.4081632,4.673469388
863.0612244,4.673469388
905.7142856,4.673469388
948.3673468,4.673469388
991.0204081,4.673469388
1033.673469,4.673469388
1076.326531,4.673469388
1118.979592,4.673469388
1161.632653,4.673469388
1204.285714,4.673469388
1246.938775,4.673469388
1289.591837,4.673469388
1332.244898,4.673469388
1374.897959,4.673469388
1417.55102,4.673469388
1460.204081,4.673469388
1502.857143,4.673469388
1545.510204,4.673469388
1588.163265,4.673469388
1630.816326,4.673469388
1673.469388,4.673469388
1716.122449,4.673469388
1758.77551,4.673469388
1801.428571,4.673469388
1844.081632,4.673469388
1886.734694,4.673469388
1929.387755,4.673469388
1972.040816,4.673469388
2014.693877,4.673469388
2057.346939,4.673469388
2100,4.673469388
10,4.755102041
52.65306122,4.755102041
95.30612244,4.755102041
137.9591837,4.755102041
180.6122449,4.755102041
223.2653061,4.755102041
265.9183673,4.755102041
308.5714285,4.755102041
351.2244898,4.755102041
393.877551,4.755102041
436.5306122,4.755102041
479.1836734,4.755102041
521.8367346,4.755102041
564.4897959,4.755102041
607.1428571,4.755102041
649.7959183,4.755102041
692.4489795,4.755102041
735.1020407,4.755102041
777.755102,4.755102041
820.4081632,4.755102041
863.0612244,4.755102041
905.7142856,4.755102041
948.3673468,4.755102041
991.0204081,4.755102041
1033.673469,4.755102041
1076.326531,4.755102041
1118.979592,4.755102041
1161.632653,4.755102041
1204.285714,4.755102041
1246.938775,4.755102041
1289.591837,4.755102041
1332.244898,4.755102041
1374.897959,4.755102041
1417.55102,4.755102041
1460.204081,4.755102041
1502.857143,4.755102041
1545.510204,4.755102041
1588.163265,4.755102041
1630.816326,4.755102041
1673.469388,4.755102041
1716.122449,4.755102041
1758.77551,4.755102041
1801.428571,4.755102041
1844.081632,4.755102041
1886.734694,4.755102041
1929.387755,4.755102041
1972.040816,4.755102041
2014.693877,4.755102041
2057.346939,4.755102041
2100,4.755102041
10,4.836734694
52.65306122,4.836734694
95.30612244,4.836734694
137.9591837,4.836734694
180.6122449,4.836734694
223.2653061,4.836734694
265.9183673,4.836734694
308.5714285,4.836734694
351.2244898,4.836734694
393.877551,4.836734694
436.5306122,4.836734694
479.1836734,4.836734694
521.8367346,4.836734694
564.4897959,4.836734694
607.1428571,4.836734694
649.7959183,4.836734694
692.4489795,4.836734694
735.1020407,4.836734694
777.755102,4.836734694
820.4081632,4.836734694
863.0612244,4.836734694
905.7142856,4.836734694
948.3673468,4.836734694
991.0204081,4.836734694
1033.673469,4.836734694
1076.326531,4.836734694
1118.979592,4.836734694
1161.632653,4.836734694
1204.285714,4.836734694
1246.938775,4.836734694
1289.591837,4.836734694
1332.244898,4.836734694
1374.897959,4.836734694
1417.55102,4.836734694
1460.204081,4.836734694
1502.857143,4.836734694
1545.510204,4.836734694
1588.163265,4.836734694
1630.816326,4.836734694
1673.469388,4.836734694
1716.122449,4.836734694
1758.77551,4.836734694
1801.428571,4.836734694
1844.081632,4.836734694
1886.734694,4.836734694
1929.387755,4.836734694
1972.040816,4.836734694
2014.693877,4.836734694
2057.346939,4.836734694
2100,4.836734694
10,4.918367347
52.65306122,4.918367347
95.30612244,4.918367347
137.9591837,4.918367347
180.6122449,4.918367347
223.2653061,4.918367347
265.9183673,4.918367347
308.5714285,4.918367347
351.2244898,4.918367347
393.877551,4.918367347
436.5306122,4.918367347
479.1836734,4.918367347
521.8367346,4.918367347
564.4897959,4.918367347
607.1428571,4.918367347
649.7959183,4.918367347
692.4489795,4.918367347
735.1020407,4.918367347
777.755102,4.918367347
820.4081632,4.918367347
863.0612244,4.918367347
905.7142856,4.918367347
948.3673468,4.918367347
991.0204081,4.918367347
1033.673469,4.918367347
1076.326531,4.918367347
1118.979592,4.918367347
1161.632653,4.918367347
1204.285714,4.918367347
1246.938775,4.918367347
1289.591837,4.918367347
1332.244898,4.918367347
1374.897959,4.918367347
1417.55102,4.918367347
1460.204081,4.918367347
1502.857143,4.918367347
1545.510204,4.918367347
1588.163265,4.918367347
1630.816326,4.918367347
1673.469388,4.918367347
1716.122449,4.918367347
1758.77551,4.918367347
1801.428571,4.918367347
1844.081632,4.918367347
1886.734694,4.918367347
1929.387755,4.918367347
1972.040816,4.918367347
2014.693877,4.918367347
2057.346939,4.918367347
2100,4.918367347
10,5
52.65306122,5
95.30612244,5
137.9591837,5
180.6122449,5
223.2653061,5
265.9183673,5
308.5714285,5
351.2244898,5
393.877551,5
436.5306122,5
479.1836734,5
521.8367346,5
564.4897959,5
607.1428571,5
649.7959183,5
692.4489795,5
735.1020407,5
777.755102,5
820.4081632,5
863.0612244,5
905.7142856,5
948.3673468,5
991.0204081,5
1033.673469,5
1076.326531,5
1118.979592,5
1161.632653,5
1204.285714,5
1246.938775,5
1289.591837,5
1332.244898,5
1374.897959,5
1417.55102,5
1460.204081,5
1502.857143,5
1545.510204,5
1588.163265,5
1630.816326,5
1673.469388,5
1716.122449,5
1758.77551,5
1801.428571,5
1844.081632,5
1886.734694,5
1929.387755,5
1972.040816,5
2014.693877,5
2057.346939,5
2100,5
